n,periods,seed,C,R,R/C,min_latency (LZ-),min_offsets,max_latency (LZ+),max_offsets
3,"[1000, 50, 500]",1778654237,75000,8.718146,1.162419e-04,999.000,"[0, 0, 0]",1547.000,"[0, 49, 48]"
4,"[5, 500, 500, 1]",1778654237,1000000,0.284106,2.841060e-07,499.000,"[0, 0, 0, 0]",1002.000,"[0, 4, 3, 0]"
5,"[50, 2, 2, 1, 200]",1778654237,4000,0.006829,1.707250e-06,199.000,"[0, 0, 0, 0, 0]",250.000,"[0, 1, 0, 0, 1]"
6,"[50, 2, 5, 10, 10, 2]",1778654237,12000,0.012868,1.072333e-06,49.000,"[0, 0, 0, 0, 0, 0]",73.000,"[0, 1, 0, 4, 3, 0]"
7,"[500, 5, 5, 1, 1, 2, 1]",1778654237,350,0.006830,1.951429e-05,499.000,"[0, 0, 0, 0, 0, 0, 0]",508.000,"[0, 4, 3, 0, 0, 1, 0]"
3,"[5, 1000, 2]",1778654238,6000,0.003585,5.975000e-07,999.000,"[0, 0, 0]",1004.000,"[0, 4, 1]"
4,"[20, 1000, 10, 20]",1778654238,800000,1.467646,1.834557e-06,999.000,"[0, 0, 0, 0]",1046.000,"[0, 19, 8, 7]"
5,"[20, 5, 10, 200, 20]",1778654238,1000000,0.670610,6.706100e-07,199.000,"[0, 0, 0, 0, 0]",250.000,"[0, 4, 3, 12, 11]"
6,"[1, 100, 20, 5, 500, 2]",1778654238,60000000,2.524882,4.208137e-08,499.000,"[0, 0, 0, 0, 0, 0]",622.000,"[0, 0, 19, 3, 22, 1]"
7,"[10, 1, 1, 1000, 20, 20, 5]",1778654238,14000000,8.094122,5.781516e-07,999.000,"[0, 0, 0, 0, 0, 0, 0]",1050.000,"[0, 0, 0, 9, 8, 7, 1]"
3,"[100, 500, 20]",1778654239,30000,0.215902,7.196733e-06,499.000,"[0, 0, 0]",617.000,"[0, 99, 18]"
4,"[5, 1000, 1, 10]",1778654239,40000,0.018254,4.563500e-07,999.000,"[0, 0, 0, 0]",1012.000,"[0, 4, 0, 3]"
5,"[2, 10, 200, 100, 5]",1778654239,5000000,0.330464,6.609280e-08,199.000,"[0, 0, 0, 0, 0]",312.000,"[0, 1, 0, 99, 3]"
6,"[5, 10, 2, 5, 200, 5]",1778654239,600000,0.089936,1.498933e-07,199.000,"[0, 0, 0, 0, 0, 0]",221.000,"[0, 4, 1, 4, 8, 2]"
7,"[5, 20, 1, 1, 2, 20, 50]",1778654239,280000,0.027510,9.825000e-08,59.000,"[0, 0, 0, 0, 0, 0, 0]",92.000,"[0, 4, 0, 0, 1, 4, 3]"
3,"[20, 200, 5]",1778654240,3000,0.002882,9.606667e-07,199.000,"[0, 0, 0]",222.000,"[0, 19, 3]"
4,"[50, 10, 5, 200]",1778654240,40000,0.076172,1.904300e-06,199.000,"[0, 0, 0, 0]",261.000,"[0, 9, 3, 12]"
5,"[10, 1000, 1, 10, 200]",1778654240,10000000,7.483309,7.483309e-07,999.000,"[0, 0, 0, 0, 0]",1216.000,"[0, 9, 0, 8, 17]"
6,"[2, 200, 10, 1, 2, 50]",1778654240,1200000,0.071071,5.922583e-08,199.000,"[0, 0, 0, 0, 0, 0]",259.000,"[0, 1, 0, 0, 1, 10]"
7,"[20, 1, 5, 50, 5, 1, 1]",1778654240,8750,0.003355,3.834286e-07,59.000,"[0, 0, 0, 0, 0, 0, 0]",76.000,"[0, 0, 4, 3, 2, 0, 0]"
3,"[500, 200, 50]",1778654241,30000,1.108054,3.693513e-05,599.000,"[0, 0, 0]",747.000,"[0, 99, 48]"
4,"[10, 10, 1000, 50]",1778654241,2000000,1.826899,9.134495e-07,999.000,"[0, 0, 0, 0]",1066.000,"[0, 9, 8, 7]"
5,"[2, 200, 2, 500, 10]",1778654241,10000000,0.951964,9.519640e-08,599.000,"[0, 0, 0, 0, 0]",709.000,"[0, 1, 0, 1, 0]"
6,"[2, 5, 10, 1, 200, 20]",1778654241,1200000,0.071559,5.963250e-08,199.000,"[0, 0, 0, 0, 0, 0]",232.000,"[0, 0, 9, 0, 8, 7]"
7,"[10, 20, 1, 5, 20, 2, 5]",1778654241,140000,0.025770,1.840714e-07,19.000,"[0, 0, 0, 0, 0, 0, 0]",56.000,"[0, 9, 0, 3, 12, 1, 2]"
3,"[100, 100, 10]",1778654242,3000,0.011095,3.698333e-06,99.000,"[0, 0, 0]",207.000,"[0, 99, 8]"
4,"[2, 200, 5, 1000]",1778654242,4000000,0.718804,1.797010e-07,999.000,"[0, 0, 0, 0]",1203.000,"[0, 1, 0, 4]"
5,"[20, 50, 5, 10, 1]",1778654242,12500,0.005074,4.059200e-07,59.000,"[0, 0, 0, 0, 0]",81.000,"[0, 9, 3, 2, 0]"
6,"[50, 50, 1, 100, 1, 5]",1778654242,150000,0.181692,1.211280e-06,99.000,"[0, 0, 0, 0, 0, 0]",201.000,"[0, 49, 0, 48, 0, 2]"
7,"[50, 1, 100, 50, 1, 20, 1]",1778654242,700000,0.786701,1.123859e-06,99.000,"[0, 0, 0, 0, 0, 0, 0]",216.000,"[0, 0, 49, 48, 0, 17, 0]"
3,"[50, 1, 100]",1778654243,300,0.000569,1.896667e-06,99.000,"[0, 0, 0]",148.000,"[0, 0, 49]"
4,"[50, 100, 1000, 10]",1778654243,4000000,18.068705,4.517176e-06,999.000,"[0, 0, 0, 0]",1156.000,"[0, 49, 48, 7]"
5,"[200, 2, 20, 5, 5]",1778654243,5000,0.033557,6.711400e-06,199.000,"[0, 0, 0, 0, 0]",227.000,"[0, 1, 0, 4, 3]"
6,"[2, 200, 10, 5, 2, 100]",1778654243,12000000,0.713834,5.948617e-08,199.000,"[0, 0, 0, 0, 0, 0]",313.000,"[0, 1, 0, 4, 1, 14]"
7,"[50, 20, 10, 5, 1, 500, 1]",1778654243,3500000,6.705132,1.915752e-06,499.000,"[0, 0, 0, 0, 0, 0, 0]",580.000,"[0, 9, 8, 2, 0, 81, 0]"
3,"[1000, 20, 20]",1778654244,1200,0.139889,1.165742e-04,999.000,"[0, 0, 0]",1037.000,"[0, 19, 18]"
4,"[10, 100, 100, 2]",1778654244,80000,0.024508,3.063500e-07,99.000,"[0, 0, 0, 0]",208.000,"[0, 9, 8, 1]"
5,"[1, 20, 500, 100, 5]",1778654244,25000000,1.200077,4.800308e-08,499.000,"[0, 0, 0, 0, 0]",621.000,"[0, 0, 19, 18, 2]"
6,"[20, 1, 5, 10, 50, 100]",1778654244,1500000,0.748816,4.992107e-07,99.000,"[0, 0, 0, 0, 0, 0]",180.000,"[0, 0, 4, 3, 2, 1]"
7,"[10, 100, 2, 1, 1000, 1, 50]",1778654244,70000000,39.918159,5.702594e-07,999.000,"[0, 0, 0, 0, 0, 0, 0]",1157.000,"[0, 9, 0, 0, 9, 0, 8]"
3,"[200, 500, 200]",1778654245,300000,4.324517,1.441506e-05,599.000,"[0, 0, 0]",897.000,"[0, 99, 98]"
4,"[100, 1, 10, 50]",1778654245,2000,0.006204,3.102000e-06,99.000,"[0, 0, 0, 0]",157.000,"[0, 0, 9, 8]"
5,"[10, 20, 50, 500, 1]",1778654245,2500000,1.218069,4.872276e-07,499.000,"[0, 0, 0, 0, 0]",576.000,"[0, 9, 8, 57, 0]"
6,"[2, 1, 200, 1, 2, 20]",1778654245,48000,0.002839,5.914583e-08,199.000,"[0, 0, 0, 0, 0, 0]",220.000,"[0, 0, 1, 0, 0, 1]"
7,"[1, 2, 500, 100, 5, 1, 2]",1778654245,7000000,0.269438,3.849114e-08,499.000,"[0, 0, 0, 0, 0, 0, 0]",604.000,"[0, 0, 1, 0, 4, 0, 1]"
3,"[100, 200, 50]",1778654246,30000,0.137979,4.599300e-06,199.000,"[0, 0, 0]",347.000,"[0, 99, 48]"
4,"[100, 200, 50, 20]",1778654246,800000,2.981310,3.726637e-06,199.000,"[0, 0, 0, 0]",366.000,"[0, 99, 48, 7]"
5,"[5, 20, 1, 5, 1000]",1778654246,500000,0.187589,3.751780e-07,999.000,"[0, 0, 0, 0, 0]",1026.000,"[0, 4, 0, 3, 7]"
6,"[1, 100, 10, 20, 10, 2]",1778654246,2400000,0.059426,2.476083e-08,99.000,"[0, 0, 0, 0, 0, 0]",137.000,"[0, 0, 9, 8, 7, 0]"
7,"[5, 2, 1000, 2, 2, 50, 20]",1778654246,56000000,16.003786,2.857819e-07,999.000,"[0, 0, 0, 0, 0, 0, 0]",1074.000,"[0, 0, 5, 0, 1, 6, 15]"
3,"[20, 100, 500]",1778654247,150000,0.216755,1.445033e-06,499.000,"[0, 0, 0]",617.000,"[0, 19, 18]"
4,"[500, 1000, 10, 5]",1778654247,200000,9.053794,4.526897e-05,999.000,"[0, 0, 0, 0]",1511.000,"[0, 499, 8, 2]"
5,"[1000, 1, 2, 20, 500]",1778654247,100000,7.519849,7.519849e-05,999.000,"[0, 0, 0, 0, 0]",1518.000,"[0, 0, 1, 0, 19]"
6,"[1, 500, 10, 2, 50, 100]",1778654247,300000000,12.678789,4.226263e-08,499.000,"[0, 0, 0, 0, 0, 0]",657.000,"[0, 0, 9, 0, 9, 58]"
7,"[200, 2, 10, 20, 5, 5, 1]",1778654247,70000,0.377105,5.387214e-06,199.000,"[0, 0, 0, 0, 0, 0, 0]",236.000,"[0, 1, 0, 9, 3, 2, 0]"
3,"[10, 50, 100]",1778654248,15000,0.005510,3.673333e-07,99.000,"[0, 0, 0]",157.000,"[0, 9, 8]"
4,"[2, 500, 50, 1]",1778654248,100000,0.011858,1.185800e-07,499.000,"[0, 0, 0, 0]",549.000,"[0, 1, 0, 0]"
5,"[5, 10, 5, 1000, 50]",1778654248,12500000,4.689442,3.751554e-07,999.000,"[0, 0, 0, 0, 0]",1065.000,"[0, 4, 3, 7, 6]"
6,"[2, 10, 10, 10, 5, 500]",1778654248,15000000,1.278061,8.520407e-08,499.000,"[0, 0, 0, 0, 0, 0]",531.000,"[0, 1, 0, 9, 3, 2]"
7,"[5, 2, 200, 5, 10, 1, 50]",1778654248,7000000,0.961596,1.373709e-07,199.000,"[0, 0, 0, 0, 0, 0, 0]",266.000,"[0, 0, 5, 4, 8, 0, 17]"
3,"[200, 50, 20]",1778654249,3000,0.027992,9.330667e-06,199.000,"[0, 0, 0]",267.000,"[0, 49, 8]"
4,"[50, 100, 500, 20]",1778654249,4000000,11.404491,2.851123e-06,499.000,"[0, 0, 0, 0]",666.000,"[0, 49, 48, 7]"
5,"[2, 2, 1000, 500, 50]",1778654249,250000000,37.236283,1.489451e-07,999.000,"[0, 0, 0, 0, 0]",1549.000,"[0, 1, 0, 499, 48]"
6,"[1, 200, 10, 200, 2, 10]",1778654249,48000000,1.405055,2.927198e-08,199.000,"[0, 0, 0, 0, 0, 0]",417.000,"[0, 0, 9, 8, 1, 8]"
7,"[20, 50, 1, 5, 5, 2, 2]",1778654249,35000,0.013285,3.795714e-07,59.000,"[0, 0, 0, 0, 0, 0, 0]",78.000,"[0, 9, 0, 3, 2, 0, 1]"
3,"[50, 20, 500]",1778654250,30000,0.109053,3.635100e-06,499.000,"[0, 0, 0]",567.000,"[0, 9, 68]"
4,"[10, 20, 1000, 20]",1778654250,1600000,1.452690,9.079312e-07,999.000,"[0, 0, 0, 0]",1046.000,"[0, 9, 8, 7]"
5,"[10, 1, 50, 10, 1000]",1778654250,2500000,1.873590,7.494360e-07,999.000,"[0, 0, 0, 0, 0]",1066.000,"[0, 0, 9, 8, 17]"
6,"[1, 100, 1, 500, 1, 1]",1778654250,300000,0.012849,4.283000e-08,499.000,"[0, 0, 0, 0, 0, 0]",598.000,"[0, 0, 0, 99, 0, 0]"
7,"[1000, 10, 50, 10, 2, 10, 1]",1778654250,700000,39.903505,5.700501e-05,999.000,"[0, 0, 0, 0, 0, 0, 0]",1076.000,"[0, 9, 8, 7, 0, 7, 0]"
3,"[20, 10, 100]",1778654251,3000,0.002255,7.516667e-07,99.000,"[0, 0, 0]",127.000,"[0, 9, 8]"
4,"[1, 2, 100, 2]",1778654251,1600,0.000049,3.062500e-08,99.000,"[0, 0, 0, 0]",101.000,"[0, 0, 1, 0]"
5,"[2, 5, 50, 20, 1000]",1778654251,25000000,3.745340,1.498136e-07,999.000,"[0, 0, 0, 0, 0]",1072.000,"[0, 0, 9, 8, 27]"
6,"[2, 5, 2, 2, 200, 200]",1778654251,4800000,0.284522,5.927542e-08,199.000,"[0, 0, 0, 0, 0, 0]",405.000,"[0, 0, 1, 0, 1, 0]"
7,"[20, 2, 200, 10, 5, 1, 50]",1778654251,7000000,3.792578,5.417969e-07,199.000,"[0, 0, 0, 0, 0, 0, 0]",281.000,"[0, 1, 0, 9, 3, 0, 12]"
3,"[5, 200, 1000]",1778654252,600000,0.347058,5.784300e-07,999.000,"[0, 0, 0]",1202.000,"[0, 4, 3]"
4,"[20, 1, 20, 50]",1778654252,4000,0.001947,4.867500e-07,59.000,"[0, 0, 0, 0]",87.000,"[0, 0, 19, 8]"
5,"[500, 2, 10, 1000, 10]",1778654252,1000000,37.239144,3.723914e-05,999.000,"[0, 0, 0, 0, 0]",1517.000,"[0, 1, 0, 9, 8]"
6,"[50, 20, 50, 5, 2, 5]",1778654252,300000,0.299743,9.991433e-07,59.000,"[0, 0, 10, 0, 0, 0]",126.000,"[0, 9, 18, 2, 1, 2]"
7,"[20, 10, 2, 5, 500, 2, 1]",1778654252,700000,0.532340,7.604857e-07,499.000,"[0, 0, 0, 0, 0, 0, 0]",533.000,"[0, 9, 0, 4, 13, 0, 0]"
3,"[100, 2, 5]",1778654253,30,0.000124,4.133333e-06,99.000,"[0, 0, 0]",104.000,"[0, 1, 0]"
4,"[200, 1, 100, 1000]",1778654253,400000,7.205842,1.801461e-05,999.000,"[0, 0, 0, 0]",1297.000,"[0, 0, 99, 98]"
5,"[5, 2, 500, 10, 1]",1778654253,50000,0.012321,2.464200e-07,499.000,"[0, 0, 0, 0, 0]",513.000,"[0, 0, 5, 4, 0]"
6,"[1, 1, 20, 200, 1000, 2]",1778654253,48000000,3.088626,6.434638e-08,999.000,"[0, 0, 0, 0, 0, 0]",1218.000,"[0, 0, 0, 19, 18, 1]"
7,"[10, 2, 2, 2, 20, 1000, 10]",1778654253,11200000,6.383044,5.699146e-07,999.000,"[0, 0, 0, 0, 0, 0, 0]",1039.000,"[0, 1, 0, 1, 2, 1, 0]"
3,"[1000, 50, 50]",1778654254,7500,0.866487,1.155316e-04,999.000,"[0, 0, 0]",1097.000,"[0, 49, 48]"
4,"[50, 1000, 10, 5]",1778654254,200000,0.910807,4.554035e-06,999.000,"[0, 0, 0, 0]",1061.000,"[0, 49, 8, 2]"
5,"[1000, 5, 1, 200, 2]",1778654254,10000,0.748784,7.487840e-05,999.000,"[0, 0, 0, 0, 0]",1203.000,"[0, 4, 0, 3, 0]"
6,"[200, 200, 5, 20, 1, 1]",1778654254,120000,0.692898,5.774150e-06,199.000,"[0, 0, 0, 0, 0, 0]",421.000,"[0, 199, 3, 2, 0, 0]"
7,"[2, 10, 1, 10, 1000, 1, 10]",1778654254,7000000,0.802941,1.147059e-07,999.000,"[0, 0, 0, 0, 0, 0, 0]",1027.000,"[0, 1, 0, 0, 9, 0, 8]"
3,"[500, 20, 10]",1778654255,600,0.022054,3.675667e-05,499.000,"[0, 0, 0]",527.000,"[0, 19, 8]"
4,"[500, 10, 50, 2]",1778654255,4000,0.114545,2.863625e-05,499.000,"[0, 0, 0, 0]",558.000,"[0, 9, 8, 1]"
5,"[10, 20, 10, 20, 2]",1778654255,40000,0.008213,2.053250e-07,19.000,"[0, 0, 0, 0, 0]",57.000,"[0, 9, 8, 17, 0]"
6,"[1, 200, 10, 5, 20, 20]",1778654255,24000000,0.701677,2.923654e-08,199.000,"[0, 0, 0, 0, 0, 0]",250.000,"[0, 0, 9, 3, 12, 11]"
7,"[5, 5, 50, 1, 500, 2, 20]",1778654255,35000000,6.666796,1.904799e-07,499.000,"[0, 0, 0, 0, 0, 0, 0]",576.000,"[0, 4, 3, 0, 2, 1, 2]"
3,"[200, 20, 100]",1778654256,6000,0.055240,9.206667e-06,199.000,"[0, 0, 0]",317.000,"[0, 19, 18]"
4,"[2, 10, 5, 20]",1778654256,4000,0.000203,5.075000e-08,19.000,"[0, 0, 0, 0]",33.000,"[0, 1, 0, 4]"
5,"[5, 5, 5, 50, 20]",1778654256,125000,0.013102,1.048160e-07,59.000,"[0, 0, 0, 0, 0]",80.000,"[0, 4, 3, 2, 1]"
6,"[2, 2, 100, 10, 20, 5]",1778654256,1200000,0.059225,4.935417e-08,99.000,"[0, 0, 0, 0, 0, 0]",133.000,"[0, 1, 0, 9, 8, 2]"
7,"[1000, 500, 1, 20, 1, 5, 2]",1778654256,700000,39.857392,5.693913e-05,999.000,"[0, 0, 0, 0, 0, 0, 0]",1522.000,"[0, 499, 0, 18, 0, 2, 1]"
3,"[1, 10, 20]",1778654257,600,0.000017,2.833333e-08,19.000,"[0, 0, 0]",28.000,"[0, 0, 9]"
4,"[1000, 200, 50, 10]",1778654257,400000,36.196073,9.049018e-05,999.000,"[0, 0, 0, 0]",1256.000,"[0, 199, 48, 7]"
5,"[500, 2, 50, 20, 20]",1778654257,200000,4.829305,2.414653e-05,499.000,"[0, 0, 0, 0, 0]",587.000,"[0, 1, 0, 9, 8]"
6,"[200, 2, 5, 1, 2, 100]",1778654257,12000,0.071350,5.945833e-06,199.000,"[0, 0, 0, 0, 0, 0]",304.000,"[0, 1, 0, 0, 0, 5]"
7,"[2, 2, 1000, 50, 2, 100, 1]",1778654257,140000000,15.944344,1.138882e-07,999.000,"[0, 0, 0, 0, 0, 0, 0]",1150.000,"[0, 1, 0, 49, 0, 49, 0]"
3,"[20, 5, 200]",1778654258,3000,0.002885,9.616667e-07,199.000,"[0, 0, 0]",222.000,"[0, 4, 3]"
4,"[500, 2, 200, 5]",1778654258,8000,0.232949,2.911863e-05,599.000,"[0, 0, 0, 0]",703.000,"[0, 1, 0, 4]"
5,"[2, 20, 2, 50, 2]",1778654258,20000,0.000848,4.240000e-08,59.000,"[0, 0, 0, 0, 0]",71.000,"[0, 1, 0, 1, 0]"
6,"[5, 1000, 10, 2, 20, 5]",1778654258,12000000,3.869668,3.224723e-07,999.000,"[0, 0, 0, 0, 0, 0]",1036.000,"[0, 4, 3, 0, 13, 2]"
7,"[10, 1, 200, 1, 10, 10, 500]",1778654258,70000000,26.508494,3.786928e-07,599.000,"[0, 0, 0, 0, 0, 0, 0]",725.000,"[0, 0, 9, 0, 8, 7, 26]"
3,"[5, 100, 50]",1778654259,15000,0.002747,1.831333e-07,99.000,"[0, 0, 0]",152.000,"[0, 4, 3]"
4,"[2, 100, 20, 50]",1778654259,400000,0.024785,6.196250e-08,99.000,"[0, 0, 0, 0]",168.000,"[0, 1, 0, 19]"
5,"[2, 1, 10, 2, 100]",1778654259,10000,0.000576,5.760000e-08,99.000,"[0, 0, 0, 0, 0]",110.000,"[0, 0, 1, 0, 1]"
6,"[1, 10, 20, 200, 10, 5]",1778654259,12000000,0.354242,2.952017e-08,199.000,"[0, 0, 0, 0, 0, 0]",240.000,"[0, 0, 9, 8, 7, 1]"
7,"[2, 20, 2, 1, 5, 2, 50]",1778654259,140000,0.005447,3.890714e-08,59.000,"[0, 0, 0, 0, 0, 0, 0]",75.000,"[0, 1, 0, 0, 1, 1, 6]"
3,"[2, 1, 10]",1778654260,30,0.000003,1.000000e-07,9.000,"[0, 0, 0]",10.000,"[0, 0, 1]"
4,"[20, 1, 100, 20]",1778654260,8000,0.005091,6.363750e-07,99.000,"[0, 0, 0, 0]",137.000,"[0, 0, 19, 18]"
5,"[5, 1, 200, 50, 20]",1778654260,1000000,0.162167,1.621670e-07,199.000,"[0, 0, 0, 0, 0]",271.000,"[0, 0, 4, 3, 12]"
6,"[1, 1, 500, 50, 10, 5]",1778654260,7500000,0.316396,4.218613e-08,499.000,"[0, 0, 0, 0, 0, 0]",561.000,"[0, 0, 0, 49, 8, 2]"
7,"[1, 500, 5, 20, 1, 1, 50]",1778654260,17500000,0.672237,3.841354e-08,499.000,"[0, 0, 0, 0, 0, 0, 0]",571.000,"[0, 0, 4, 3, 0, 0, 22]"
3,"[1, 1000, 2]",1778654261,6000,0.000735,1.225000e-07,999.000,"[0, 0, 0]",1000.000,"[0, 0, 1]"
4,"[5, 20, 500, 200]",1778654261,8000000,2.332967,2.916209e-07,599.000,"[0, 0, 0, 0]",721.000,"[0, 4, 3, 2]"
5,"[50, 500, 10, 50, 2]",1778654261,2500000,6.028946,2.411578e-06,499.000,"[0, 0, 0, 0, 0]",607.000,"[0, 49, 8, 7, 0]"
6,"[20, 2, 5, 1, 1, 50]",1778654261,3000,0.001272,4.240000e-07,59.000,"[0, 0, 0, 0, 0, 0]",73.000,"[0, 1, 0, 0, 0, 4]"
7,"[1, 100, 5, 50, 5, 2, 1]",1778654261,1750000,0.040049,2.288514e-08,99.000,"[0, 0, 0, 0, 0, 0, 0]",157.000,"[0, 0, 4, 3, 2, 0, 0]"
3,"[10, 500, 1000]",1778654262,1500000,1.736420,1.157613e-06,999.000,"[0, 0, 0]",1507.000,"[0, 9, 8]"
4,"[2, 1000, 100, 100]",1778654262,40000000,7.198546,1.799636e-07,999.000,"[0, 0, 0, 0]",1198.000,"[0, 1, 0, 99]"
5,"[10, 100, 200, 1, 5]",1778654262,500000,0.160771,3.215420e-07,199.000,"[0, 0, 0, 0, 0]",311.000,"[0, 9, 8, 0, 2]"
6,"[2, 200, 1000, 1, 100, 1]",1778654262,120000000,15.502872,1.291906e-07,999.000,"[0, 0, 0, 0, 0, 0]",1298.000,"[0, 1, 0, 0, 99, 0]"
7,"[10, 1, 2, 1, 100, 1, 10]",1778654262,14000,0.003209,2.292143e-07,99.000,"[0, 0, 0, 0, 0, 0, 0]",118.000,"[0, 0, 1, 0, 0, 0, 9]"
3,"[200, 200, 200]",1778654263,120000,1.090762,9.089683e-06,199.000,"[0, 0, 0]",597.000,"[0, 199, 198]"
4,"[2, 1000, 1, 1]",1778654263,4000,0.000761,1.902500e-07,999.000,"[0, 0, 0, 0]",1000.000,"[0, 1, 0, 0]"
5,"[10, 50, 100, 1000, 1]",1778654263,25000000,18.640261,7.456104e-07,999.000,"[0, 0, 0, 0, 0]",1156.000,"[0, 9, 8, 7, 0]"
6,"[1, 5, 1, 100, 50, 50]",1778654263,7500000,0.180993,2.413240e-08,99.000,"[0, 0, 0, 0, 0, 0]",201.000,"[0, 0, 0, 4, 3, 2]"
7,"[10, 500, 2, 1, 2, 2, 20]",1778654263,560000,0.212619,3.796768e-07,499.000,"[0, 0, 0, 0, 0, 0, 0]",530.000,"[0, 9, 0, 0, 1, 0, 11]"
3,"[50, 5, 1]",1778654264,15,0.000040,2.666667e-06,49.000,"[0, 0, 0]",53.000,"[0, 4, 0]"
4,"[200, 200, 1, 500]",1778654264,400000,4.661785,1.165446e-05,599.000,"[0, 0, 0, 0]",897.000,"[0, 199, 0, 98]"
5,"[20, 5, 2, 1, 1]",1778654264,50,0.000020,4.000000e-07,19.000,"[0, 0, 0, 0, 0]",24.000,"[0, 4, 1, 0, 0]"
6,"[100, 5, 500, 2, 5, 20]",1778654264,3000000,12.653928,4.217976e-06,499.000,"[0, 0, 0, 0, 0, 0]",626.000,"[0, 4, 3, 0, 3, 7]"
7,"[1, 1, 1, 500, 5, 100, 2]",1778654264,3500000,0.139109,3.974543e-08,499.000,"[0, 0, 0, 0, 0, 0, 0]",603.000,"[0, 0, 0, 0, 4, 3, 0]"
3,"[1000, 2, 500]",1778654265,3000,0.346430,1.154767e-04,999.000,"[0, 0, 0]",1499.000,"[0, 1, 0]"
4,"[1, 5, 200, 200]",1778654265,800000,0.030097,3.762125e-08,199.000,"[0, 0, 0, 0]",402.000,"[0, 0, 4, 3]"
5,"[5, 1, 200, 50, 5]",1778654265,250000,0.040603,1.624120e-07,199.000,"[0, 0, 0, 0, 0]",256.000,"[0, 0, 4, 3, 2]"
6,"[50, 10, 5, 500, 5, 1]",1778654265,750000,1.590416,2.120555e-06,499.000,"[0, 0, 0, 0, 0, 0]",565.000,"[0, 9, 3, 12, 1, 0]"
7,"[500, 2, 1, 1, 50, 1, 500]",1778654265,350000,6.623621,1.892463e-05,499.000,"[0, 0, 0, 0, 0, 0, 0]",1048.000,"[0, 1, 0, 0, 0, 0, 49]"
3,"[200, 50, 100]",1778654266,15000,0.137186,9.145733e-06,199.000,"[0, 0, 0]",347.000,"[0, 49, 48]"
4,"[500, 2, 50, 50]",1778654266,20000,0.570757,2.853785e-05,499.000,"[0, 0, 0, 0]",598.000,"[0, 1, 0, 49]"
5,"[1, 500, 200, 1, 1000]",1778654266,500000000,37.168274,7.433655e-08,999.000,"[0, 0, 0, 0, 0]",1697.000,"[0, 0, 99, 0, 698]"
6,"[100, 1, 2, 20, 10, 50]",1778654266,120000,0.289236,2.410300e-06,99.000,"[0, 0, 0, 0, 0, 0]",177.000,"[0, 0, 1, 0, 9, 28]"
7,"[2, 1, 10, 5, 500, 1, 100]",1778654266,17500000,1.332816,7.616091e-08,499.000,"[0, 0, 0, 0, 0, 0, 0]",612.000,"[0, 0, 1, 0, 4, 0, 3]"
3,"[100, 20, 1000]",1778654267,60000,0.698609,1.164348e-05,999.000,"[0, 0, 0]",1117.000,"[0, 19, 18]"
4,"[5, 50, 200, 1000]",1778654267,40000000,18.030363,4.507591e-07,999.000,"[0, 0, 0, 0]",1251.000,"[0, 4, 3, 2]"
5,"[500, 100, 10, 2, 1]",1778654267,10000,0.240087,2.400870e-05,499.000,"[0, 0, 0, 0, 0]",608.000,"[0, 99, 8, 1, 0]"
6,"[50, 10, 2, 5, 200, 5]",1778654267,600000,0.896344,1.493907e-06,199.000,"[0, 0, 0, 0, 0, 0]",266.000,"[0, 9, 0, 4, 13, 2]"
7,"[10, 10, 1, 2, 1000, 1, 200]",1778654267,28000000,16.016751,5.720268e-07,999.000,"[0, 0, 0, 0, 0, 0, 0]",1217.000,"[0, 9, 0, 0, 9, 0, 8]"
3,"[50, 10, 200]",1778654268,6000,0.014131,2.355167e-06,199.000,"[0, 0, 0]",257.000,"[0, 9, 8]"
4,"[100, 20, 1000, 2]",1778654268,160000,1.459282,9.120512e-06,999.000,"[0, 0, 0, 0]",1118.000,"[0, 19, 18, 1]"
5,"[200, 5, 20, 200, 5]",1778654268,500000,3.238078,6.476156e-06,199.000,"[0, 0, 0, 0, 0]",425.000,"[0, 4, 3, 22, 1]"
6,"[500, 2, 1, 200, 5, 1]",1778654268,12000,0.257769,2.148075e-05,599.000,"[0, 0, 0, 0, 0, 0]",703.000,"[0, 1, 0, 0, 4, 0]"
7,"[5, 2, 10, 200, 100, 10, 1]",1778654268,28000000,3.835026,1.369652e-07,199.000,"[0, 0, 0, 0, 0, 0, 0]",321.000,"[0, 0, 5, 4, 3, 2, 0]"
3,"[500, 5, 1]",1778654269,15,0.000534,3.560000e-05,499.000,"[0, 0, 0]",503.000,"[0, 4, 0]"
4,"[500, 1000, 2, 2]",1778654269,16000,0.715450,4.471563e-05,999.000,"[0, 0, 0, 0]",1500.000,"[0, 499, 0, 1]"
5,"[1, 10, 50, 20, 5]",1778654269,250000,0.005271,2.108400e-08,59.000,"[0, 0, 0, 0, 0]",81.000,"[0, 0, 9, 8, 2]"
6,"[1, 10, 10, 20, 1000, 1]",1778654269,12000000,0.771166,6.426383e-08,999.000,"[0, 0, 0, 0, 0, 0]",1036.000,"[0, 0, 9, 8, 7, 0]"
7,"[50, 2, 20, 1, 5, 500, 10]",1778654269,7000000,13.305248,1.900750e-06,499.000,"[0, 0, 0, 0, 0, 0, 0]",581.000,"[0, 1, 0, 0, 4, 23, 2]"
3,"[200, 2, 10]",1778654270,60,0.000580,9.666667e-06,199.000,"[0, 0, 0]",209.000,"[0, 1, 0]"
4,"[100, 10, 10, 50]",1778654270,20000,0.060049,3.002450e-06,99.000,"[0, 0, 0, 0]",166.000,"[0, 9, 8, 17]"
5,"[200, 50, 2, 100, 1]",1778654270,50000,0.322218,6.444360e-06,199.000,"[0, 0, 0, 0, 0]",348.000,"[0, 49, 0, 49, 0]"
6,"[1, 1, 5, 2, 2, 20]",1778654270,2400,0.000063,2.625000e-08,19.000,"[0, 0, 0, 0, 0, 0]",25.000,"[0, 0, 0, 0, 1, 6]"
7,"[20, 1, 50, 100, 5, 2, 5]",1778654270,1750000,0.793032,4.531611e-07,99.000,"[0, 0, 0, 0, 0, 0, 0]",176.000,"[0, 0, 9, 8, 2, 1, 2]"
3,"[50, 2, 100]",1778654271,600,0.001150,1.916667e-06,99.000,"[0, 0, 0]",149.000,"[0, 1, 0]"
4,"[50, 10, 200, 2]",1778654271,16000,0.030692,1.918250e-06,199.000,"[0, 0, 0, 0]",258.000,"[0, 9, 8, 1]"
5,"[1, 100, 20, 1, 20]",1778654271,200000,0.005274,2.637000e-08,99.000,"[0, 0, 0, 0, 0]",137.000,"[0, 0, 19, 0, 18]"
6,"[10, 20, 2, 50, 5, 50]",1778654271,3000000,0.603505,2.011683e-07,59.000,"[0, 0, 0, 0, 0, 0]",131.000,"[0, 9, 0, 9, 3, 12]"
7,"[2, 50, 2, 2, 2, 5, 500]",1778654271,7000000,0.539699,7.709986e-08,499.000,"[0, 0, 0, 0, 0, 0, 0]",556.000,"[0, 1, 0, 1, 0, 3, 7]"
3,"[20, 50, 1000]",1778654272,150000,0.349797,2.331980e-06,999.000,"[0, 0, 0]",1067.000,"[0, 9, 8]"
4,"[10, 5, 500, 200]",1778654272,2000000,1.164223,5.821115e-07,599.000,"[0, 0, 0, 0]",711.000,"[0, 4, 3, 2]"
5,"[10, 2, 5, 2, 500]",1778654272,50000,0.024341,4.868200e-07,499.000,"[0, 0, 0, 0, 0]",514.000,"[0, 1, 0, 0, 5]"
6,"[5, 500, 20, 1, 1, 10]",1778654272,600000,0.127305,2.121750e-07,499.000,"[0, 0, 0, 0, 0, 0]",531.000,"[0, 4, 3, 0, 0, 2]"
7,"[5, 2, 10, 200, 50, 2, 2]",1778654272,5600000,0.767013,1.369666e-07,199.000,"[0, 0, 0, 0, 0, 0, 0]",264.000,"[0, 0, 5, 4, 3, 0, 1]"
3,"[500, 1000, 200]",1778654273,600000,34.737511,5.789585e-05,999.000,"[0, 0, 0]",1697.000,"[0, 499, 98]"
4,"[100, 100, 1, 2]",1778654273,800,0.002427,3.033750e-06,99.000,"[0, 0, 0, 0]",199.000,"[0, 99, 0, 0]"
5,"[2, 1000, 500, 2, 50]",1778654273,250000000,37.405695,1.496228e-07,999.000,"[0, 0, 0, 0, 0]",1549.000,"[0, 1, 0, 1, 0]"
6,"[50, 1, 5, 1, 500, 200]",1778654273,3000000,6.364038,2.121346e-06,599.000,"[0, 0, 0, 0, 0, 0]",751.000,"[0, 0, 4, 0, 3, 2]"
7,"[5, 1, 1, 2, 5, 1, 2]",1778654273,140,0.000013,9.285714e-08,6.000,"[0, 0, 0, 0, 1, 0, 0]",10.000,"[0, 0, 0, 0, 0, 0, 1]"
3,"[2, 10, 50]",1778654274,1500,0.000108,7.200000e-08,49.000,"[0, 0, 0]",59.000,"[0, 1, 0]"
4,"[20, 100, 5, 20]",1778654274,40000,0.024172,6.043000e-07,99.000,"[0, 0, 0, 0]",141.000,"[0, 19, 3, 2]"
5,"[1000, 10, 20, 2, 200]",1778654274,400000,29.876172,7.469043e-05,999.000,"[0, 0, 0, 0, 0]",1227.000,"[0, 9, 8, 1, 28]"
6,"[2, 5, 2, 50, 10, 20]",1778654274,600000,0.024380,4.063333e-08,59.000,"[0, 0, 0, 0, 0, 0]",83.000,"[0, 0, 1, 0, 9, 8]"
7,"[5, 5, 10, 1000, 1, 2, 2]",1778654274,1400000,0.402202,2.872871e-07,999.000,"[0, 0, 0, 0, 0, 0, 0]",1018.000,"[0, 4, 3, 2, 0, 1, 0]"
3,"[1, 200, 500]",1778654275,300000,0.021438,7.146000e-08,599.000,"[0, 0, 0]",698.000,"[0, 0, 99]"
4,"[5, 1, 20, 10]",1778654275,800,0.000113,1.412500e-07,19.000,"[0, 0, 0, 0]",32.000,"[0, 0, 4, 3]"
5,"[50, 500, 2, 20, 50]",1778654275,5000000,12.074820,2.414964e-06,499.000,"[0, 0, 0, 0, 0]",617.000,"[0, 49, 0, 9, 18]"
6,"[50, 1000, 200, 1, 2, 5]",1778654275,12000000,38.532240,3.211020e-06,999.000,"[0, 0, 0, 0, 0, 0]",1252.000,"[0, 49, 48, 0, 1, 3]"
7,"[5, 1000, 2, 20, 20, 1, 5]",1778654275,28000000,7.991897,2.854249e-07,999.000,"[0, 0, 0, 0, 0, 0, 0]",1046.000,"[0, 4, 1, 4, 3, 0, 2]"
3,"[10, 2, 2]",1778654276,12,0.000004,3.333333e-07,9.000,"[0, 0, 0]",11.000,"[0, 1, 0]"
4,"[1, 1000, 5, 200]",1778654276,4000000,0.364270,9.106750e-08,999.000,"[0, 0, 0, 0]",1202.000,"[0, 0, 4, 3]"
5,"[1, 1000, 100, 2, 50]",1778654276,50000000,3.732902,7.465804e-08,999.000,"[0, 0, 0, 0, 0]",1148.000,"[0, 0, 99, 0, 49]"
6,"[2, 50, 1000, 1, 20, 20]",1778654276,120000000,15.441329,1.286777e-07,999.000,"[0, 0, 0, 0, 0, 0]",1087.000,"[0, 1, 0, 0, 19, 18]"
7,"[200, 2, 20, 50, 10, 2, 1]",1778654276,280000,1.517853,5.420904e-06,199.000,"[0, 0, 0, 0, 0, 0, 0]",278.000,"[0, 1, 0, 19, 8, 1, 0]"
3,"[5, 1, 1000]",1778654277,3000,0.001864,6.213333e-07,999.000,"[0, 0, 0]",1003.000,"[0, 0, 4]"
4,"[1000, 20, 20, 1]",1778654277,1600,0.144787,9.049188e-05,999.000,"[0, 0, 0, 0]",1037.000,"[0, 19, 18, 0]"
5,"[200, 10, 100, 1, 500]",1778654277,2500000,24.016130,9.606452e-06,599.000,"[0, 0, 0, 0, 0]",806.000,"[0, 9, 8, 0, 7]"
6,"[20, 20, 10, 10, 10, 1]",1778654277,120000,0.043985,3.665417e-07,19.000,"[0, 0, 0, 0, 0, 0]",65.000,"[0, 19, 8, 7, 6, 0]"
7,"[10, 10, 1, 1, 200, 1000, 5]",1778654277,70000000,39.815063,5.687866e-07,999.000,"[0, 0, 0, 0, 0, 0, 0]",1220.000,"[0, 9, 0, 0, 8, 7, 1]"
3,"[50, 20, 200]",1778654278,12000,0.029671,2.472583e-06,199.000,"[0, 0, 0]",267.000,"[0, 9, 68]"
4,"[5, 10, 2, 20]",1778654278,1600,0.000203,1.268750e-07,19.000,"[0, 0, 0, 0]",33.000,"[0, 4, 1, 4]"
5,"[1, 1, 500, 100, 100]",1778654278,25000000,1.206575,4.826300e-08,499.000,"[0, 0, 0, 0, 0]",697.000,"[0, 0, 0, 99, 98]"
6,"[5, 20, 100, 5, 5, 5]",1778654278,1500000,0.180276,1.201840e-07,99.000,"[0, 0, 0, 0, 0, 0]",134.000,"[0, 4, 3, 2, 1, 0]"
7,"[20, 5, 2, 1, 5, 200, 20]",1778654278,1400000,0.755758,5.398271e-07,199.000,"[0, 0, 0, 0, 0, 0, 0]",246.000,"[0, 4, 1, 0, 4, 8, 7]"
3,"[20, 10, 50]",1778654279,1500,0.000843,5.620000e-07,59.000,"[0, 0, 0]",77.000,"[0, 9, 8]"
4,"[50, 5, 10, 5]",1778654279,1000,0.001337,1.337000e-06,49.000,"[0, 0, 0, 0]",66.000,"[0, 4, 3, 2]"
5,"[10, 10, 500, 200, 1]",1778654279,5000000,2.430910,4.861820e-07,599.000,"[0, 0, 0, 0, 0]",716.000,"[0, 9, 8, 7, 0]"
6,"[5, 1, 500, 200, 100, 2]",1778654279,120000000,25.436955,2.119746e-07,599.000,"[0, 0, 0, 0, 0, 0]",802.000,"[0, 0, 4, 3, 2, 1]"
7,"[1, 1, 500, 50, 2, 100, 5]",1778654279,175000000,6.656577,3.803758e-08,499.000,"[0, 0, 0, 0, 0, 0, 0]",652.000,"[0, 0, 0, 49, 0, 49, 3]"
3,"[10, 10, 500]",1778654280,15000,0.011072,7.381333e-07,499.000,"[0, 0, 0]",517.000,"[0, 9, 8]"
4,"[500, 200, 50, 2]",1778654280,80000,2.326336,2.907920e-05,599.000,"[0, 0, 0, 0]",748.000,"[0, 99, 48, 1]"
5,"[2, 2, 20, 200, 100]",1778654280,4000000,0.257492,6.437300e-08,199.000,"[0, 0, 0, 0, 0]",319.000,"[0, 1, 0, 19, 18]"
6,"[1, 50, 2, 5, 1000, 50]",1778654280,150000000,9.673401,6.448934e-08,999.000,"[0, 0, 0, 0, 0, 0]",1102.000,"[0, 0, 1, 0, 4, 3]"
7,"[2, 1, 100, 5, 10, 10, 50]",1778654280,17500000,0.819358,4.682046e-08,99.000,"[0, 0, 0, 0, 0, 0, 0]",171.000,"[0, 0, 1, 0, 4, 3, 22]"
3,"[2, 200, 100]",1778654281,60000,0.005737,9.561667e-08,199.000,"[0, 0, 0]",299.000,"[0, 1, 0]"
4,"[2, 100, 10, 1]",1778654281,4000,0.000273,6.825000e-08,99.000,"[0, 0, 0, 0]",109.000,"[0, 1, 0, 0]"
5,"[20, 5, 200, 2, 5]",1778654281,50000,0.033464,6.692800e-07,199.000,"[0, 0, 0, 0, 0]",227.000,"[0, 4, 3, 0, 3]"
6,"[2, 5, 1, 20, 5, 1]",1778654281,3000,0.000142,4.733333e-08,19.000,"[0, 0, 0, 0, 0, 0]",28.000,"[0, 0, 0, 9, 3, 0]"
7,"[10, 10, 20, 2, 50, 5, 2]",1778654281,1400000,0.272199,1.944279e-07,59.000,"[0, 0, 0, 0, 0, 0, 0]",92.000,"[0, 9, 8, 1, 8, 2, 1]"
3,"[50, 2, 20]",1778654282,120,0.000161,1.341667e-06,59.000,"[0, 0, 0]",69.000,"[0, 1, 0]"
4,"[1, 2, 50, 500]",1778654282,200000,0.011562,5.781000e-08,499.000,"[0, 0, 0, 0]",549.000,"[0, 0, 1, 0]"
5,"[200, 5, 2, 5, 50]",1778654282,12500,0.084081,6.726480e-06,199.000,"[0, 0, 0, 0, 0]",257.000,"[0, 4, 1, 4, 8]"
6,"[5, 1, 20, 500, 100, 2]",1778654282,12000000,2.570062,2.141718e-07,499.000,"[0, 0, 0, 0, 0, 0]",622.000,"[0, 0, 4, 3, 2, 1]"
7,"[1, 2, 100, 1, 5, 2, 500]",1778654282,7000000,0.266625,3.808929e-08,499.000,"[0, 0, 0, 0, 0, 0, 0]",604.000,"[0, 0, 1, 0, 0, 0, 5]"
3,"[500, 1, 5]",1778654283,15,0.000574,3.826667e-05,499.000,"[0, 0, 0]",503.000,"[0, 0, 4]"
4,"[10, 50, 200, 200]",1778654283,8000000,2.979659,3.724574e-07,199.000,"[0, 0, 0, 0]",456.000,"[0, 9, 8, 7]"
5,"[1, 1, 200, 200, 100]",1778654283,20000000,0.653583,3.267915e-08,199.000,"[0, 0, 0, 0, 0]",497.000,"[0, 0, 0, 199, 98]"
6,"[200, 5, 2, 2, 50, 500]",1778654283,3000000,25.086992,8.362331e-06,599.000,"[0, 0, 0, 0, 0, 0]",753.000,"[0, 4, 1, 0, 5, 54]"
7,"[2, 5, 5, 1, 5, 5, 1000]",1778654283,4375000,0.496444,1.134729e-07,999.000,"[0, 0, 0, 0, 0, 0, 0]",1016.000,"[0, 0, 4, 0, 3, 2, 1]"
3,"[200, 20, 50]",1778654284,3000,0.028278,9.426000e-06,199.000,"[0, 0, 0]",267.000,"[0, 19, 18]"
4,"[2, 1000, 1000, 50]",1778654284,200000000,35.954743,1.797737e-07,999.000,"[0, 0, 0, 0]",2048.000,"[0, 1, 0, 49]"
5,"[2, 2, 500, 50, 20]",1778654284,5000000,0.480150,9.603000e-08,499.000,"[0, 0, 0, 0, 0]",569.000,"[0, 1, 0, 49, 8]"
6,"[10, 200, 10, 2, 1, 50]",1778654284,1200000,0.352343,2.936192e-07,199.000,"[0, 0, 0, 0, 0, 0]",267.000,"[0, 9, 8, 1, 0, 18]"
7,"[100, 10, 5, 2, 5, 2, 10]",1778654284,70000,0.158139,2.259129e-06,99.000,"[0, 0, 0, 0, 0, 0, 0]",127.000,"[0, 9, 3, 0, 3, 1, 8]"
3,"[100, 10, 10]",1778654285,300,0.001126,3.753333e-06,99.000,"[0, 0, 0]",117.000,"[0, 9, 8]"
4,"[100, 2, 20, 200]",1778654285,32000,0.125272,3.914750e-06,199.000,"[0, 0, 0, 0]",318.000,"[0, 1, 0, 19]"
5,"[1, 2, 500, 2, 1]",1778654285,10000,0.000513,5.130000e-08,499.000,"[0, 0, 0, 0, 0]",501.000,"[0, 0, 1, 0, 0]"
6,"[200, 5, 5, 1, 2, 100]",1778654285,30000,0.175429,5.847633e-06,199.000,"[0, 0, 0, 0, 0, 0]",307.000,"[0, 4, 3, 0, 1, 8]"
7,"[5, 10, 10, 1, 2, 100, 5]",1778654285,700000,0.079966,1.142371e-07,99.000,"[0, 0, 0, 0, 0, 0, 0]",126.000,"[0, 4, 3, 0, 0, 3, 2]"
3,"[1000, 5, 2]",1778654286,30,0.003582,1.194000e-04,999.000,"[0, 0, 0]",1004.000,"[0, 4, 1]"
4,"[200, 10, 1000, 10]",1778654286,400000,7.205922,1.801481e-05,999.000,"[0, 0, 0, 0]",1216.000,"[0, 9, 8, 7]"
5,"[20, 20, 20, 5, 2]",1778654286,20000,0.008188,4.094000e-07,19.000,"[0, 0, 0, 0, 0]",62.000,"[0, 19, 18, 2, 1]"
6,"[1, 2, 5, 1, 1000, 2]",1778654286,120000,0.008117,6.764167e-08,999.000,"[0, 0, 0, 0, 0, 0]",1005.000,"[0, 0, 0, 0, 9, 0]"
7,"[5, 1, 5, 1, 10, 2, 10]",1778654286,7000,0.000618,8.828571e-08,9.000,"[0, 0, 0, 0, 0, 0, 0]",27.000,"[0, 0, 4, 0, 3, 0, 3]"
3,"[10, 5, 20]",1778654287,300,0.000091,3.033333e-07,19.000,"[0, 0, 0]",32.000,"[0, 4, 3]"
4,"[2, 200, 100, 2]",1778654287,160000,0.012553,7.845625e-08,199.000,"[0, 0, 0, 0]",300.000,"[0, 1, 0, 1]"
5,"[5, 5, 50, 5, 500]",1778654287,3125000,0.753344,2.410701e-07,499.000,"[0, 0, 0, 0, 0]",560.000,"[0, 4, 3, 2, 6]"
6,"[2, 1, 1, 1000, 20, 50]",1778654287,6000000,0.769345,1.282242e-07,999.000,"[0, 0, 0, 0, 0, 0]",1068.000,"[0, 0, 0, 1, 0, 19]"
7,"[10, 50, 20, 2, 2, 50, 1]",1778654287,1400000,0.272555,1.946821e-07,59.000,"[0, 0, 0, 0, 0, 10, 0]",128.000,"[0, 9, 8, 1, 0, 29, 0]"
3,"[2, 2, 10]",1778654288,60,0.000004,6.666667e-08,9.000,"[0, 0, 0]",11.000,"[0, 1, 0]"
4,"[1000, 5, 500, 1]",1778654288,10000,0.902083,9.020830e-05,999.000,"[0, 0, 0, 0]",1502.000,"[0, 4, 3, 0]"
5,"[1, 50, 100, 5, 1000]",1778654288,125000000,9.294477,7.435582e-08,999.000,"[0, 0, 0, 0, 0]",1151.000,"[0, 0, 49, 3, 52]"
6,"[10, 1, 50, 1000, 20, 2]",1778654288,12000000,7.724613,6.437178e-07,999.000,"[0, 0, 0, 0, 0, 0]",1077.000,"[0, 0, 9, 8, 7, 0]"
7,"[1, 50, 20, 1, 100, 2, 5]",1778654288,7000000,0.157220,2.246000e-08,99.000,"[0, 0, 0, 0, 0, 0, 0]",172.000,"[0, 0, 9, 0, 68, 1, 3]"
3,"[50, 1, 100]",1778654289,300,0.000527,1.756667e-06,99.000,"[0, 0, 0]",148.000,"[0, 0, 49]"
4,"[5, 2, 50, 1000]",1778654289,400000,0.180291,4.507275e-07,999.000,"[0, 0, 0, 0]",1053.000,"[0, 0, 5, 4]"
5,"[200, 1, 1, 1000, 100]",1778654289,500000,7.461489,1.492298e-05,999.000,"[0, 0, 0, 0, 0]",1297.000,"[0, 0, 0, 199, 98]"
6,"[5, 2, 1000, 20, 500, 1]",1778654289,120000000,38.430178,3.202515e-07,999.000,"[0, 0, 0, 0, 0, 0]",1522.000,"[0, 0, 5, 4, 23, 0]"
7,"[2, 20, 100, 2, 1, 500, 10]",1778654289,140000000,10.622053,7.587181e-08,499.000,"[0, 0, 0, 0, 0, 0, 0]",628.000,"[0, 1, 0, 1, 0, 0, 9]"
3,"[10, 20, 20]",1778654290,1200,0.000355,2.958333e-07,19.000,"[0, 0, 0]",47.000,"[0, 9, 8]"
4,"[50, 50, 10, 200]",1778654290,400000,0.746285,1.865712e-06,199.000,"[0, 0, 0, 0]",306.000,"[0, 49, 8, 7]"
5,"[2, 100, 1, 10, 200]",1778654290,1000000,0.065159,6.515900e-08,199.000,"[0, 0, 0, 0, 0]",308.000,"[0, 1, 0, 0, 9]"
6,"[2, 10, 1000, 2, 1, 2]",1778654290,240000,0.031187,1.299458e-07,999.000,"[0, 0, 0, 0, 0, 0]",1011.000,"[0, 1, 0, 1, 0, 0]"
7,"[1, 50, 50, 1, 1, 1, 20]",1778654290,350000,0.007235,2.067143e-08,59.000,"[0, 0, 0, 0, 0, 0, 0]",117.000,"[0, 0, 49, 0, 0, 0, 8]"
3,"[5, 10, 5]",1778654291,150,0.000019,1.266667e-07,9.000,"[0, 0, 0]",17.000,"[0, 4, 3]"
4,"[1000, 50, 100, 1]",1778654291,20000,1.815152,9.075760e-05,999.000,"[0, 0, 0, 0]",1147.000,"[0, 49, 48, 0]"
5,"[50, 1, 20, 1000, 1]",1778654291,100000,0.372963,3.729630e-06,999.000,"[0, 0, 0, 0, 0]",1067.000,"[0, 0, 9, 68, 0]"
6,"[20, 500, 5, 5, 2, 50]",1778654291,7500000,6.349156,8.465541e-07,499.000,"[0, 0, 0, 0, 0, 0]",576.000,"[0, 19, 3, 2, 0, 27]"
7,"[2, 10, 10, 1, 200, 5, 50]",1778654291,35000000,1.904911,5.442603e-08,199.000,"[0, 0, 0, 0, 0, 0, 0]",271.000,"[0, 1, 0, 0, 9, 3, 12]"
3,"[2, 200, 50]",1778654292,30000,0.002848,9.493333e-08,199.000,"[0, 0, 0]",249.000,"[0, 1, 0]"
4,"[200, 20, 5, 20]",1778654292,8000,0.061369,7.671125e-06,199.000,"[0, 0, 0, 0]",241.000,"[0, 19, 3, 2]"
5,"[20, 200, 1, 10, 100]",1778654292,1000000,0.653328,6.533280e-07,199.000,"[0, 0, 0, 0, 0]",326.000,"[0, 19, 0, 8, 27]"
6,"[10, 50, 2, 1, 10, 2]",1778654292,12000,0.002629,2.190833e-07,49.000,"[0, 0, 0, 0, 0, 0]",69.000,"[0, 9, 0, 0, 9, 0]"
7,"[500, 200, 5, 2, 2, 1, 10]",1778654292,280000,5.473748,1.954910e-05,599.000,"[0, 0, 0, 0, 0, 0, 0]",713.000,"[0, 99, 3, 0, 1, 0, 4]"
3,"[1000, 100, 10]",1778654293,3000,0.351705,1.172350e-04,999.000,"[0, 0, 0]",1107.000,"[0, 99, 8]"
4,"[1, 10, 1000, 10]",1778654293,400000,0.036145,9.036250e-08,999.000,"[0, 0, 0, 0]",1017.000,"[0, 0, 9, 8]"
5,"[1, 2, 1, 500, 200]",1778654293,1000000,0.049135,4.913500e-08,599.000,"[0, 0, 0, 0, 0]",699.000,"[0, 0, 0, 1, 0]"
6,"[2, 10, 50, 5, 20, 10]",1778654293,3000000,0.118806,3.960200e-08,59.000,"[0, 0, 0, 0, 0, 0]",91.000,"[0, 1, 0, 4, 3, 2]"
7,"[10, 5, 5, 20, 20, 1000, 1]",1778654293,70000000,39.859858,5.694265e-07,999.000,"[0, 0, 0, 0, 0, 0, 0]",1054.000,"[0, 4, 3, 7, 6, 5, 0]"
3,"[10, 50, 100]",1778654294,15000,0.005502,3.668000e-07,99.000,"[0, 0, 0]",157.000,"[0, 9, 8]"
4,"[500, 5, 100, 2]",1778654294,4000,0.115532,2.888300e-05,499.000,"[0, 0, 0, 0]",603.000,"[0, 4, 3, 0]"
5,"[5, 10, 50, 200, 1]",1778654294,500000,0.081855,1.637100e-07,199.000,"[0, 0, 0, 0, 0]",261.000,"[0, 4, 3, 2, 0]"
6,"[1, 5, 1000, 10, 2, 50]",1778654294,30000000,1.935646,6.452153e-08,999.000,"[0, 0, 0, 0, 0, 0]",1062.000,"[0, 0, 4, 3, 0, 13]"
7,"[10, 1, 1000, 2, 50, 50, 2]",1778654294,70000000,39.805080,5.686440e-07,999.000,"[0, 0, 0, 0, 0, 0, 0]",1108.000,"[0, 0, 9, 0, 9, 8, 1]"
3,"[2, 50, 1000]",1778654295,150000,0.034733,2.315533e-07,999.000,"[0, 0, 0]",1049.000,"[0, 1, 0]"
4,"[100, 5, 20, 1]",1778654295,400,0.001195,2.987500e-06,99.000,"[0, 0, 0, 0]",122.000,"[0, 4, 3, 0]"
5,"[2, 5, 200, 500, 2]",1778654295,5000000,0.470539,9.410780e-08,599.000,"[0, 0, 0, 0, 0]",704.000,"[0, 0, 9, 8, 1]"
6,"[2, 500, 50, 2, 2, 50]",1778654295,30000000,2.525544,8.418480e-08,499.000,"[0, 0, 0, 0, 0, 0]",600.000,"[0, 1, 0, 1, 0, 1]"
7,"[200, 20, 1, 1, 1000, 2, 10]",1778654295,2800000,31.826809,1.136672e-05,999.000,"[0, 0, 0, 0, 0, 0, 0]",1227.000,"[0, 19, 0, 0, 18, 1, 8]"
3,"[50, 1000, 200]",1778654296,600000,3.493511,5.822518e-06,999.000,"[0, 0, 0]",1247.000,"[0, 49, 48]"
4,"[20, 100, 2, 20]",1778654296,16000,0.009683,6.051875e-07,99.000,"[0, 0, 0, 0]",138.000,"[0, 19, 0, 19]"
5,"[10, 1, 10, 10, 200]",1778654296,100000,0.032667,3.266700e-07,199.000,"[0, 0, 0, 0, 0]",226.000,"[0, 0, 9, 8, 7]"
6,"[20, 5, 1000, 1, 20, 10]",1778654296,6000000,7.713277,1.285546e-06,999.000,"[0, 0, 0, 0, 0, 0]",1050.000,"[0, 4, 3, 0, 2, 1]"
7,"[5, 200, 20, 1, 200, 1, 2]",1778654296,11200000,1.529325,1.365469e-07,199.000,"[0, 0, 0, 0, 0, 0, 0]",422.000,"[0, 4, 3, 0, 22, 0, 1]"
3,"[1000, 10, 1]",1778654297,30,0.003562,1.187333e-04,999.000,"[0, 0, 0]",1008.000,"[0, 9, 0]"
4,"[10, 100, 10, 200]",1778654297,800000,0.301669,3.770863e-07,199.000,"[0, 0, 0, 0]",316.000,"[0, 9, 8, 17]"
5,"[2, 500, 20, 10, 20]",1778654297,10000000,0.963417,9.634170e-08,499.000,"[0, 0, 0, 0, 0]",547.000,"[0, 1, 0, 9, 8]"
6,"[1000, 20, 20, 2, 1, 1]",1778654297,4800,0.307245,6.400937e-05,999.000,"[0, 0, 0, 0, 0, 0]",1038.000,"[0, 19, 18, 1, 0, 0]"
7,"[50, 50, 2, 1, 1000, 2, 2]",1778654297,2800000,7.965053,2.844662e-06,999.000,"[0, 0, 0, 0, 0, 0, 0]",1100.000,"[0, 49, 0, 0, 49, 0, 1]"
3,"[5, 200, 500]",1778654298,300000,0.105802,3.526733e-07,599.000,"[0, 0, 0]",702.000,"[0, 4, 3]"
4,"[1000, 2, 1000, 10]",1778654298,80000,7.213658,9.017072e-05,999.000,"[0, 0, 0, 0]",2008.000,"[0, 1, 0, 9]"
5,"[50, 10, 50, 1000, 1]",1778654298,2500000,9.331047,3.732419e-06,999.000,"[0, 0, 0, 0, 0]",1106.000,"[0, 9, 8, 7, 0]"
6,"[100, 20, 5, 1, 50, 5]",1778654298,150000,0.360213,2.401420e-06,99.000,"[0, 0, 0, 0, 0, 0]",175.000,"[0, 19, 3, 0, 22, 1]"
7,"[20, 5, 2, 10, 10, 200, 5]",1778654298,7000000,3.781978,5.402826e-07,199.000,"[0, 0, 0, 0, 0, 0, 0]",245.000,"[0, 4, 1, 4, 3, 2, 1]"
3,"[2, 100, 2]",1778654299,600,0.000042,7.000000e-08,99.000,"[0, 0, 0]",101.000,"[0, 1, 0]"
4,"[1000, 1000, 5, 1]",1778654299,20000,1.795153,8.975765e-05,999.000,"[0, 0, 0, 0]",2002.000,"[0, 999, 3, 0]"
5,"[5, 20, 50, 20, 5]",1778654299,500000,0.052256,1.045120e-07,59.000,"[0, 0, 0, 0, 0]",95.000,"[0, 4, 3, 12, 1]"
6,"[5, 1, 1000, 1, 20, 50]",1778654299,6000000,1.927899,3.213165e-07,999.000,"[0, 0, 0, 0, 0, 0]",1071.000,"[0, 0, 4, 0, 3, 22]"
7,"[20, 1, 200, 1000, 5, 1, 1]",1778654299,7000000,7.945135,1.135019e-06,999.000,"[0, 0, 0, 0, 0, 0, 0]",1221.000,"[0, 0, 19, 18, 2, 0, 0]"
3,"[1000, 50, 1000]",1778654300,150000,17.299881,1.153325e-04,999.000,"[0, 0, 0]",2047.000,"[0, 49, 48]"
4,"[200, 1000, 50, 10]",1778654300,2000000,36.016204,1.800810e-05,999.000,"[0, 0, 0, 0]",1256.000,"[0, 199, 48, 7]"
5,"[1, 2, 2, 5, 2]",1778654300,200,0.000006,3.000000e-08,5.000,"[0, 0, 0, 0, 0]",7.000,"[0, 0, 1, 0, 0]"
6,"[2, 50, 10, 200, 10, 1]",1778654300,6000000,0.349039,5.817317e-08,199.000,"[0, 0, 0, 0, 0, 0]",267.000,"[0, 1, 0, 9, 8, 0]"
7,"[1, 2, 5, 50, 5, 500, 1]",1778654300,8750000,0.332105,3.795486e-08,499.000,"[0, 0, 0, 0, 0, 0, 0]",557.000,"[0, 0, 0, 9, 3, 12, 0]"
3,"[10, 20, 5]",1778654301,300,0.000088,2.933333e-07,19.000,"[0, 0, 0]",32.000,"[0, 9, 3]"
4,"[50, 10, 5, 5]",1778654301,1000,0.001357,1.357000e-06,49.000,"[0, 0, 0, 0]",66.000,"[0, 9, 3, 2]"
5,"[50, 2, 20, 20, 200]",1778654301,800000,1.298258,1.622823e-06,199.000,"[0, 0, 0, 0, 0]",287.000,"[0, 1, 0, 19, 38]"
6,"[50, 1, 50, 2, 10, 200]",1778654301,1200000,1.740313,1.450261e-06,199.000,"[0, 0, 0, 0, 0, 0]",307.000,"[0, 0, 49, 0, 9, 8]"
7,"[200, 1, 10, 200, 5, 2, 2]",1778654301,280000,1.487310,5.311821e-06,199.000,"[0, 0, 0, 0, 0, 0, 0]",413.000,"[0, 0, 9, 8, 2, 1, 0]"
3,"[100, 20, 50]",1778654302,3000,0.010698,3.566000e-06,99.000,"[0, 0, 0]",167.000,"[0, 19, 18]"
4,"[100, 10, 10, 20]",1778654302,8000,0.023905,2.988125e-06,99.000,"[0, 0, 0, 0]",136.000,"[0, 9, 8, 17]"
5,"[1000, 200, 1, 100, 5]",1778654302,500000,37.273613,7.454723e-05,999.000,"[0, 0, 0, 0, 0]",1301.000,"[0, 199, 0, 98, 2]"
6,"[100, 5, 10, 1, 50, 5]",1778654302,75000,0.179926,2.399013e-06,99.000,"[0, 0, 0, 0, 0, 0]",165.000,"[0, 4, 3, 0, 12, 1]"
7,"[100, 1, 20, 2, 10, 2, 1000]",1778654302,5600000,31.799427,5.678469e-06,999.000,"[0, 0, 0, 0, 0, 0, 0]",1128.000,"[0, 0, 19, 0, 9, 0, 29]"
3,"[50, 10, 500]",1778654303,15000,0.054355,3.623667e-06,499.000,"[0, 0, 0]",557.000,"[0, 9, 8]"
4,"[5, 5, 2, 1000]",1778654303,40000,0.018282,4.570500e-07,999.000,"[0, 0, 0, 0]",1008.000,"[0, 4, 0, 9]"
5,"[2, 500, 1000, 20, 5]",1778654303,250000000,37.170549,1.486822e-07,999.000,"[0, 0, 0, 0, 0]",1522.000,"[0, 1, 0, 19, 3]"
6,"[100, 2, 1, 100, 1, 200]",1778654303,240000,0.698603,2.910846e-06,199.000,"[0, 0, 0, 0, 0, 0]",398.000,"[0, 1, 0, 0, 0, 99]"
7,"[1, 50, 2, 20, 10, 50, 5]",1778654303,35000000,0.684866,1.956760e-08,59.000,"[0, 0, 0, 0, 0, 10, 0]",131.000,"[0, 0, 1, 0, 9, 28, 2]"
3,"[20, 5, 2]",1778654304,30,0.000016,5.333333e-07,19.000,"[0, 0, 0]",24.000,"[0, 4, 1]"
4,"[1, 2, 500, 10]",1778654304,40000,0.002400,6.000000e-08,499.000,"[0, 0, 0, 0]",509.000,"[0, 0, 1, 0]"
5,"[5, 20, 50, 20, 1]",1778654304,100000,0.010605,1.060500e-07,59.000,"[0, 0, 0, 0, 0]",91.000,"[0, 4, 3, 12, 0]"
6,"[5, 5, 1, 100, 500, 20]",1778654304,30000000,6.317675,2.105892e-07,499.000,"[0, 0, 0, 0, 0, 0]",625.000,"[0, 4, 0, 3, 2, 1]"
7,"[1, 10, 500, 20, 20, 1, 1]",1778654304,14000000,0.534658,3.818986e-08,499.000,"[0, 0, 0, 0, 0, 0, 0]",546.000,"[0, 0, 9, 8, 7, 0, 0]"
3,"[5, 100, 20]",1778654305,6000,0.001112,1.853333e-07,99.000,"[0, 0, 0]",122.000,"[0, 4, 3]"
4,"[10, 50, 2, 100]",1778654305,40000,0.012215,3.053750e-07,99.000,"[0, 0, 0, 0]",158.000,"[0, 9, 0, 9]"
5,"[10, 2, 10, 100, 500]",1778654305,5000000,2.405001,4.810002e-07,499.000,"[0, 0, 0, 0, 0]",617.000,"[0, 1, 0, 9, 8]"
6,"[1, 2, 5, 10, 10, 500]",1778654305,3000000,0.126718,4.223933e-08,499.000,"[0, 0, 0, 0, 0, 0]",522.000,"[0, 0, 0, 9, 8, 7]"
7,"[20, 500, 5, 10, 5, 10, 1]",1778654305,8750000,6.697247,7.653997e-07,499.000,"[0, 0, 0, 0, 0, 0, 0]",544.000,"[0, 19, 3, 2, 1, 5, 0]"
3,"[2, 1, 5]",1778654306,15,0.000002,1.333333e-07,5.000,"[0, 0, 0]",5.000,"[0, 0, 0]"
4,"[10, 1, 100, 1000]",1778654306,400000,0.364737,9.118425e-07,999.000,"[0, 0, 0, 0]",1107.000,"[0, 0, 9, 8]"
5,"[100, 50, 50, 1, 2]",1778654306,25000,0.065481,2.619240e-06,99.000,"[0, 0, 0, 0, 0]",198.000,"[0, 49, 48, 0, 1]"
6,"[1, 5, 2, 50, 500, 10]",1778654306,15000000,0.634815,4.232100e-08,499.000,"[0, 0, 0, 0, 0, 0]",562.000,"[0, 0, 0, 5, 4, 3]"
7,"[50, 2, 1, 1, 5, 1, 2]",1778654306,140,0.000159,1.135714e-06,49.000,"[0, 0, 0, 0, 0, 0, 0]",55.000,"[0, 1, 0, 0, 0, 0, 0]"
3,"[20, 1000, 50]",1778654307,150000,0.352600,2.350667e-06,999.000,"[0, 0, 0]",1067.000,"[0, 19, 18]"
4,"[1, 1000, 50, 500]",1778654307,100000000,9.031819,9.031819e-08,999.000,"[0, 0, 0, 0]",1547.000,"[0, 0, 49, 48]"
5,"[20, 1000, 20, 2, 10]",1778654307,2000000,3.013491,1.506745e-06,999.000,"[0, 0, 0, 0, 0]",1047.000,"[0, 19, 18, 1, 8]"
6,"[2, 2, 1, 200, 1000, 5]",1778654307,12000000,1.541721,1.284768e-07,999.000,"[0, 0, 0, 0, 0, 0]",1204.000,"[0, 1, 0, 0, 199, 3]"
7,"[1, 2, 5, 1, 1, 2, 1000]",1778654307,140000,0.008221,5.872143e-08,999.000,"[0, 0, 0, 0, 0, 0, 0]",1005.000,"[0, 0, 0, 0, 0, 1, 0]"
3,"[10, 500, 500]",1778654308,750000,0.540213,7.202840e-07,499.000,"[0, 0, 0]",1007.000,"[0, 9, 8]"
4,"[500, 500, 5, 5]",1778654308,50000,1.425369,2.850738e-05,499.000,"[0, 0, 0, 0]",1006.000,"[0, 499, 3, 2]"
5,"[500, 1, 1000, 100, 1]",1778654308,500000,18.543258,3.708652e-05,999.000,"[0, 0, 0, 0, 0]",1597.000,"[0, 0, 499, 98, 0]"
6,"[1000, 1, 20, 5, 10, 5]",1778654308,30000,1.931920,6.439733e-05,999.000,"[0, 0, 0, 0, 0, 0]",1035.000,"[0, 0, 19, 3, 2, 1]"
7,"[1000, 20, 1, 1, 10, 2, 50]",1778654308,140000,7.981460,5.701043e-05,999.000,"[0, 0, 0, 0, 0, 0, 0]",1077.000,"[0, 19, 0, 0, 8, 1, 28]"
3,"[200, 200, 100]",1778654309,60000,0.549267,9.154450e-06,199.000,"[0, 0, 0]",497.000,"[0, 199, 98]"
4,"[2, 500, 1000, 2]",1778654309,4000000,0.722890,1.807225e-07,999.000,"[0, 0, 0, 0]",1500.000,"[0, 1, 0, 1]"
5,"[5, 1, 500, 2, 200]",1778654309,1000000,0.245492,2.454920e-07,599.000,"[0, 0, 0, 0, 0]",703.000,"[0, 0, 4, 1, 4]"
6,"[100, 1000, 1, 2, 1, 500]",1778654309,6000000,38.437510,6.406252e-06,999.000,"[0, 0, 0, 0, 0, 0]",1598.000,"[0, 99, 0, 0, 0, 99]"
7,"[2, 10, 2, 10, 1000, 2, 2]",1778654309,5600000,0.638870,1.140839e-07,999.000,"[0, 0, 0, 0, 0, 0, 0]",1021.000,"[0, 1, 0, 1, 0, 1, 0]"
3,"[1, 5, 20]",1778654310,300,0.000008,2.666667e-08,19.000,"[0, 0, 0]",23.000,"[0, 0, 4]"
4,"[1000, 5, 200, 20]",1778654310,80000,7.182684,8.978355e-05,999.000,"[0, 0, 0, 0]",1221.000,"[0, 4, 3, 2]"
5,"[50, 5, 50, 1, 1]",1778654310,1250,0.001521,1.216800e-06,49.000,"[0, 0, 0, 0, 0]",102.000,"[0, 4, 3, 0, 0]"
6,"[100, 1, 20, 10, 10, 1]",1778654310,12000,0.029162,2.430167e-06,99.000,"[0, 0, 0, 0, 0, 0]",136.000,"[0, 0, 19, 8, 7, 0]"
7,"[5, 20, 20, 20, 200, 1, 2]",1778654310,22400000,3.009409,1.343486e-07,199.000,"[0, 0, 0, 0, 0, 0, 0]",261.000,"[0, 4, 3, 2, 1, 0, 0]"
3,"[20, 2, 5]",1778654311,30,0.000016,5.333333e-07,19.000,"[0, 0, 0]",24.000,"[0, 1, 0]"
4,"[10, 100, 50, 1]",1778654311,20000,0.006038,3.019000e-07,99.000,"[0, 0, 0, 0]",157.000,"[0, 9, 8, 0]"
5,"[200, 1, 2, 500, 1]",1778654311,5000,0.047357,9.471400e-06,599.000,"[0, 0, 0, 0, 0]",699.000,"[0, 0, 1, 0, 0]"
6,"[2, 200, 500, 100, 1, 2]",1778654311,120000000,9.992516,8.327097e-08,599.000,"[0, 0, 0, 0, 0, 0]",799.000,"[0, 1, 0, 99, 0, 0]"
7,"[50, 10, 2, 1, 50, 100, 2]",1778654311,1400000,1.570021,1.121444e-06,99.000,"[0, 0, 0, 0, 0, 0, 0]",208.000,"[0, 9, 0, 0, 9, 8, 1]"
3,"[200, 1, 50]",1778654312,150,0.001432,9.546667e-06,199.000,"[0, 0, 0]",248.000,"[0, 0, 49]"
4,"[100, 2, 2, 200]",1778654312,3200,0.012113,3.785312e-06,199.000,"[0, 0, 0, 0]",300.000,"[0, 1, 0, 1]"
5,"[1, 50, 500, 50, 20]",1778654312,125000000,6.022376,4.817901e-08,499.000,"[0, 0, 0, 0, 0]",616.000,"[0, 0, 49, 48, 17]"
6,"[1, 1, 200, 200, 100, 2]",1778654312,48000000,1.393806,2.903763e-08,199.000,"[0, 0, 0, 0, 0, 0]",498.000,"[0, 0, 0, 199, 98, 1]"
7,"[20, 20, 1, 1, 1, 2, 5]",1778654312,1400,0.000549,3.921429e-07,19.000,"[0, 0, 0, 0, 0, 0, 0]",43.000,"[0, 19, 0, 0, 0, 0, 4]"
3,"[2, 20, 10]",1778654313,600,0.000032,5.333333e-08,19.000,"[0, 0, 0]",29.000,"[0, 1, 0]"
4,"[20, 50, 500, 50]",1778654313,5000000,5.761426,1.152285e-06,499.000,"[0, 0, 0, 0]",616.000,"[0, 9, 8, 7]"
5,"[1000, 5, 200, 50, 1]",1778654313,250000,18.752022,7.500809e-05,999.000,"[0, 0, 0, 0, 0]",1251.000,"[0, 4, 3, 2, 0]"
6,"[10, 10, 10, 1000, 20, 5]",1778654313,60000000,38.903750,6.483958e-07,999.000,"[0, 0, 0, 0, 0, 0]",1049.000,"[0, 9, 8, 7, 6, 0]"
7,"[5, 1, 2, 5, 1000, 100, 2]",1778654313,14000000,3.991677,2.851198e-07,999.000,"[0, 0, 0, 0, 0, 0, 0]",1108.000,"[0, 0, 0, 0, 9, 8, 1]"
3,"[50, 10, 2]",1778654314,60,0.000122,2.033333e-06,49.000,"[0, 0, 0]",59.000,"[0, 9, 0]"
4,"[5, 1000, 2, 1000]",1778654314,8000000,3.623270,4.529087e-07,999.000,"[0, 0, 0, 0]",2003.000,"[0, 4, 1, 4]"
5,"[5, 1, 500, 50, 100]",1778654314,12500000,2.999398,2.399518e-07,499.000,"[0, 0, 0, 0, 0]",651.000,"[0, 0, 4, 3, 52]"
6,"[1000, 2, 5, 1, 2, 1]",1778654314,120,0.008074,6.728333e-05,999.000,"[0, 0, 0, 0, 0, 0]",1005.000,"[0, 1, 0, 0, 0, 0]"
7,"[1000, 10, 1, 2, 10, 2, 2]",1778654314,5600,0.326291,5.826625e-05,999.000,"[0, 0, 0, 0, 0, 0, 0]",1020.000,"[0, 9, 0, 0, 9, 0, 1]"
3,"[10, 200, 1000]",1778654315,600000,0.712747,1.187912e-06,999.000,"[0, 0, 0]",1207.000,"[0, 9, 8]"
4,"[1, 1000, 500, 5]",1778654315,10000000,0.918038,9.180380e-08,999.000,"[0, 0, 0, 0]",1502.000,"[0, 0, 499, 3]"
5,"[1, 500, 20, 1, 200]",1778654315,10000000,0.488399,4.883990e-08,599.000,"[0, 0, 0, 0, 0]",717.000,"[0, 0, 19, 0, 18]"
6,"[200, 50, 1, 2, 1, 500]",1778654315,300000,2.495324,8.317747e-06,599.000,"[0, 0, 0, 0, 0, 0]",748.000,"[0, 49, 0, 0, 0, 49]"
7,"[5, 20, 200, 2, 5, 1, 10]",1778654315,2800000,0.374368,1.337029e-07,199.000,"[0, 0, 0, 0, 0, 0, 0]",236.000,"[0, 4, 3, 0, 3, 0, 7]"
3,"[5, 100, 5]",1778654316,1500,0.000263,1.753333e-07,99.000,"[0, 0, 0]",107.000,"[0, 4, 3]"
4,"[10, 500, 1, 2]",1778654316,4000,0.002354,5.885000e-07,499.000,"[0, 0, 0, 0]",509.000,"[0, 9, 0, 0]"
5,"[500, 2, 1, 1, 50]",1778654316,500,0.012112,2.422400e-05,499.000,"[0, 0, 0, 0, 0]",549.000,"[0, 1, 0, 0, 0]"
6,"[500, 1, 10, 2, 50, 5]",1778654316,30000,0.630599,2.101997e-05,499.000,"[0, 0, 0, 0, 0, 0]",562.000,"[0, 0, 9, 0, 9, 3]"
7,"[10, 5, 1, 1000, 2, 1, 10]",1778654316,700000,0.396573,5.665329e-07,999.000,"[0, 0, 0, 0, 0, 0, 0]",1022.000,"[0, 4, 0, 3, 0, 0, 3]"
3,"[50, 100, 1]",1778654317,300,0.000529,1.763333e-06,99.000,"[0, 0, 0]",148.000,"[0, 49, 0]"
4,"[5, 5, 5, 50]",1778654317,5000,0.000692,1.384000e-07,49.000,"[0, 0, 0, 0]",61.000,"[0, 4, 3, 2]"
5,"[1, 20, 2, 1, 2]",1778654317,400,0.000009,2.250000e-08,19.000,"[0, 0, 0, 0, 0]",21.000,"[0, 0, 1, 0, 0]"
6,"[1, 2, 1000, 20, 200, 2]",1778654317,96000000,6.131550,6.387031e-08,999.000,"[0, 0, 0, 0, 0, 0]",1219.000,"[0, 0, 1, 0, 19, 0]"
7,"[2, 200, 50, 1, 5, 100, 1]",1778654317,35000000,1.869243,5.340694e-08,199.000,"[0, 0, 0, 0, 0, 0, 0]",352.000,"[0, 1, 0, 0, 4, 53, 0]"
3,"[20, 1, 10]",1778654318,30,0.000016,5.333333e-07,19.000,"[0, 0, 0]",28.000,"[0, 0, 9]"
4,"[50, 5, 20, 500]",1778654318,200000,0.569907,2.849535e-06,499.000,"[0, 0, 0, 0]",571.000,"[0, 4, 3, 22]"
5,"[10, 200, 100, 1, 10]",1778654318,1000000,0.321674,3.216740e-07,199.000,"[0, 0, 0, 0, 0]",316.000,"[0, 9, 8, 0, 7]"
6,"[200, 5, 5, 5, 50, 5]",1778654318,187500,1.089633,5.811376e-06,199.000,"[0, 0, 0, 0, 0, 0]",264.000,"[0, 4, 3, 2, 11, 0]"
7,"[20, 10, 1, 10, 1, 5, 100]",1778654318,350000,0.158991,4.542600e-07,99.000,"[0, 0, 0, 0, 0, 0, 0]",140.000,"[0, 9, 0, 8, 0, 2, 1]"
3,"[200, 1000, 2]",1778654319,6000,0.138090,2.301500e-05,999.000,"[0, 0, 0]",1199.000,"[0, 199, 0]"
4,"[500, 100, 200, 5]",1778654319,400000,11.448549,2.862137e-05,599.000,"[0, 0, 0, 0]",801.000,"[0, 99, 98, 2]"
5,"[5, 2, 10, 5, 50]",1778654319,25000,0.002970,1.188000e-07,49.000,"[0, 0, 0, 0, 0]",67.000,"[0, 0, 5, 4, 8]"
6,"[1, 10, 2, 1, 50, 1]",1778654319,6000,0.000152,2.533333e-08,49.000,"[0, 0, 0, 0, 0, 0]",59.000,"[0, 0, 1, 0, 0, 0]"
7,"[500, 5, 50, 2, 20, 2, 1]",1778654319,140000,2.669036,1.906454e-05,499.000,"[0, 0, 0, 0, 0, 0, 0]",573.000,"[0, 4, 3, 0, 13, 0, 0]"
3,"[2, 500, 1000]",1778654320,1500000,0.348014,2.320093e-07,999.000,"[0, 0, 0]",1499.000,"[0, 1, 0]"
4,"[100, 1, 1000, 1]",1778654320,4000,0.036444,9.111000e-06,999.000,"[0, 0, 0, 0]",1098.000,"[0, 0, 99, 0]"
5,"[2, 2, 500, 2, 5]",1778654320,50000,0.004889,9.778000e-08,499.000,"[0, 0, 0, 0, 0]",506.000,"[0, 1, 0, 1, 0]"
6,"[500, 20, 200, 20, 1, 2]",1778654320,960000,20.551633,2.140795e-05,599.000,"[0, 0, 0, 0, 0, 0]",737.000,"[0, 19, 18, 17, 0, 0]"
7,"[2, 10, 5, 500, 200, 1, 10]",1778654320,350000000,27.068547,7.733871e-08,599.000,"[0, 0, 0, 0, 0, 0, 0]",721.000,"[0, 1, 0, 4, 3, 0, 2]"
3,"[50, 200, 200]",1778654321,120000,0.274000,2.283333e-06,199.000,"[0, 0, 0]",447.000,"[0, 49, 48]"
4,"[20, 1, 100, 20]",1778654321,8000,0.004829,6.036250e-07,99.000,"[0, 0, 0, 0]",137.000,"[0, 0, 19, 18]"
5,"[50, 200, 5, 2, 20]",1778654321,200000,0.322537,1.612685e-06,199.000,"[0, 0, 0, 0, 0]",272.000,"[0, 49, 3, 0, 13]"
6,"[2, 1000, 10, 100, 2, 1]",1778654321,12000000,1.551096,1.292580e-07,999.000,"[0, 0, 0, 0, 0, 0]",1109.000,"[0, 1, 0, 9, 0, 0]"
7,"[10, 1000, 2, 500, 2, 2, 2]",1778654321,56000000,31.703728,5.661380e-07,999.000,"[0, 0, 0, 0, 0, 0, 0]",1511.000,"[0, 9, 0, 9, 0, 1, 0]"
3,"[10, 2, 1]",1778654322,6,0.000003,5.000000e-07,9.000,"[0, 0, 0]",10.000,"[0, 1, 0]"
4,"[10, 1000, 500, 10]",1778654322,20000000,17.947975,8.973988e-07,999.000,"[0, 0, 0, 0]",1516.000,"[0, 9, 8, 7]"
5,"[1, 1000, 50, 2, 20]",1778654322,10000000,0.747727,7.477270e-08,999.000,"[0, 0, 0, 0, 0]",1068.000,"[0, 0, 49, 0, 9]"
6,"[20, 5, 50, 2, 50, 20]",1778654322,3000000,1.198885,3.996283e-07,59.000,"[0, 0, 0, 0, 0, 0]",141.000,"[0, 4, 3, 0, 3, 2]"
7,"[20, 1, 10, 1000, 10, 10, 2]",1778654322,14000000,15.981409,1.141529e-06,999.000,"[0, 0, 0, 0, 0, 0, 0]",1046.000,"[0, 0, 9, 8, 7, 6, 1]"
3,"[200, 50, 500]",1778654323,75000,1.068080,1.424107e-05,599.000,"[0, 0, 0]",747.000,"[0, 49, 48]"
4,"[100, 10, 50, 2]",1778654323,4000,0.012756,3.189000e-06,99.000,"[0, 0, 0, 0]",158.000,"[0, 9, 8, 1]"
5,"[500, 5, 2, 100, 100]",1778654323,500000,12.030142,2.406028e-05,499.000,"[0, 0, 0, 0, 0]",702.000,"[0, 4, 1, 4, 3]"
6,"[10, 500, 5, 1, 200, 20]",1778654323,60000000,25.665833,4.277639e-07,599.000,"[0, 0, 0, 0, 0, 0]",730.000,"[0, 9, 3, 0, 12, 11]"
7,"[1, 5, 5, 200, 500, 5, 1]",1778654323,87500000,3.298842,3.770105e-08,599.000,"[0, 0, 0, 0, 0, 0, 0]",710.000,"[0, 0, 4, 3, 2, 1, 0]"
3,"[1, 1000, 100]",1778654324,300000,0.034771,1.159033e-07,999.000,"[0, 0, 0]",1098.000,"[0, 0, 99]"
4,"[20, 10, 10, 50]",1778654324,20000,0.009539,4.769500e-07,59.000,"[0, 0, 0, 0]",86.000,"[0, 9, 8, 7]"
5,"[2, 1, 200, 2, 500]",1778654324,1000000,0.094243,9.424300e-08,599.000,"[0, 0, 0, 0, 0]",700.000,"[0, 0, 1, 0, 1]"
6,"[100, 5, 10, 200, 10, 2]",1778654324,1200000,3.487229,2.906024e-06,199.000,"[0, 0, 0, 0, 0, 0]",321.000,"[0, 4, 3, 12, 1, 0]"
7,"[10, 100, 1, 5, 2, 2, 1000]",1778654324,14000000,7.990347,5.707391e-07,999.000,"[0, 0, 0, 0, 0, 0, 0]",1113.000,"[0, 9, 0, 3, 0, 1, 14]"
3,"[1000, 1000, 1]",1778654325,3000,0.348654,1.162180e-04,999.000,"[0, 0, 0]",1998.000,"[0, 999, 0]"
4,"[200, 5, 50, 10]",1778654325,10000,0.074606,7.460600e-06,199.000,"[0, 0, 0, 0]",261.000,"[0, 4, 3, 2]"
5,"[10, 1, 10, 200, 1]",1778654325,10000,0.003274,3.274000e-07,199.000,"[0, 0, 0, 0, 0]",217.000,"[0, 0, 9, 8, 0]"
6,"[2, 10, 2, 200, 20, 100]",1778654325,48000000,2.797179,5.827456e-08,199.000,"[0, 0, 0, 0, 0, 0]",328.000,"[0, 1, 0, 1, 0, 19]"
7,"[20, 10, 5, 50, 500, 1, 2]",1778654325,17500000,13.344187,7.625250e-07,499.000,"[0, 0, 0, 0, 0, 0, 0]",581.000,"[0, 9, 3, 2, 1, 0, 0]"
3,"[5, 10, 10]",1778654326,300,0.000035,1.166667e-07,9.000,"[0, 0, 0]",22.000,"[0, 4, 3]"
4,"[50, 100, 5, 200]",1778654326,400000,0.749759,1.874398e-06,199.000,"[0, 0, 0, 0]",351.000,"[0, 49, 3, 52]"
5,"[200, 2, 500, 2, 2]",1778654326,20000,0.189173,9.458650e-06,599.000,"[0, 0, 0, 0, 0]",701.000,"[0, 1, 0, 1, 0]"
6,"[200, 2, 1, 200, 1, 20]",1778654326,48000,0.284781,5.932938e-06,199.000,"[0, 0, 0, 0, 0, 0]",418.000,"[0, 1, 0, 0, 0, 19]"
7,"[500, 1, 1, 20, 200, 5, 2]",1778654326,280000,5.439113,1.942540e-05,599.000,"[0, 0, 0, 0, 0, 0, 0]",722.000,"[0, 0, 0, 19, 18, 2, 1]"
3,"[2, 200, 2]",1778654327,1200,0.000125,1.041667e-07,199.000,"[0, 0, 0]",201.000,"[0, 1, 0]"
4,"[20, 100, 1000, 2]",1778654327,800000,1.447421,1.809276e-06,999.000,"[0, 0, 0, 0]",1118.000,"[0, 19, 18, 1]"
5,"[20, 20, 200, 2, 1]",1778654327,40000,0.026586,6.646500e-07,199.000,"[0, 0, 0, 0, 0]",238.000,"[0, 19, 18, 1, 0]"
6,"[2, 100, 10, 5, 10, 20]",1778654327,6000000,0.292679,4.877983e-08,99.000,"[0, 0, 0, 0, 0, 0]",141.000,"[0, 1, 0, 4, 3, 2]"
7,"[2, 1, 50, 50, 2, 1, 5]",1778654327,175000,0.007272,4.155429e-08,49.000,"[0, 0, 0, 0, 0, 0, 0]",104.000,"[0, 0, 1, 0, 1, 0, 0]"
3,"[50, 100, 20]",1778654328,6000,0.010844,1.807333e-06,99.000,"[0, 0, 0]",167.000,"[0, 49, 8]"
4,"[200, 1, 100, 20]",1778654328,8000,0.060869,7.608625e-06,199.000,"[0, 0, 0, 0]",317.000,"[0, 0, 99, 18]"
5,"[500, 10, 1, 2, 1000]",1778654328,100000,3.737980,3.737980e-05,999.000,"[0, 0, 0, 0, 0]",1508.000,"[0, 9, 0, 0, 9]"
6,"[10, 1, 5, 10, 200, 5]",1778654328,300000,0.087798,2.926600e-07,199.000,"[0, 0, 0, 0, 0, 0]",225.000,"[0, 0, 4, 3, 2, 1]"
7,"[2, 2, 5, 20, 100, 500, 1]",1778654328,70000000,5.331753,7.616790e-08,499.000,"[0, 0, 0, 0, 0, 0, 0]",623.000,"[0, 1, 0, 4, 3, 2, 0]"
3,"[500, 1, 5]",1778654329,15,0.000587,3.913333e-05,499.000,"[0, 0, 0]",503.000,"[0, 0, 4]"
4,"[50, 1, 1000, 500]",1778654329,2000000,9.003265,4.501633e-06,999.000,"[0, 0, 0, 0]",1547.000,"[0, 0, 49, 48]"
5,"[100, 100, 2, 2, 100]",1778654329,200000,0.521667,2.608335e-06,99.000,"[0, 0, 0, 0, 0]",299.000,"[0, 99, 0, 1, 0]"
6,"[5, 2, 200, 500, 10, 1]",1778654329,12000000,2.493736,2.078113e-07,599.000,"[0, 0, 0, 0, 0, 0]",712.000,"[0, 0, 5, 4, 3, 0]"
7,"[10, 2, 500, 2, 2, 50, 10]",1778654329,14000000,5.359396,3.828140e-07,499.000,"[0, 0, 0, 0, 0, 0, 0]",569.000,"[0, 1, 0, 1, 0, 1, 0]"
3,"[5, 20, 1]",1778654330,60,0.000025,4.166667e-07,19.000,"[0, 0, 0]",23.000,"[0, 4, 0]"
4,"[10, 20, 2, 5]",1778654330,800,0.000180,2.250000e-07,19.000,"[0, 0, 0, 0]",33.000,"[0, 9, 0, 4]"
5,"[1000, 20, 5, 2, 200]",1778654330,200000,14.941131,7.470566e-05,999.000,"[0, 0, 0, 0, 0]",1222.000,"[0, 19, 3, 0, 23]"
6,"[100, 100, 5, 5, 1, 5]",1778654330,75000,0.179746,2.396613e-06,99.000,"[0, 0, 0, 0, 0, 0]",210.000,"[0, 99, 3, 2, 0, 1]"
7,"[1, 1, 200, 2, 200, 5, 50]",1778654330,140000000,3.741105,2.672218e-08,199.000,"[0, 0, 0, 0, 0, 0, 0]",452.000,"[0, 0, 0, 1, 0, 4, 3]"
3,"[50, 500, 10]",1778654331,15000,0.054245,3.616333e-06,499.000,"[0, 0, 0]",557.000,"[0, 49, 8]"
4,"[2, 10, 10, 50]",1778654331,20000,0.001088,5.440000e-08,49.000,"[0, 0, 0, 0]",68.000,"[0, 1, 0, 9]"
5,"[50, 200, 20, 20, 5]",1778654331,2000000,3.288546,1.644273e-06,199.000,"[0, 0, 0, 0, 0]",290.000,"[0, 49, 8, 7, 1]"
6,"[50, 500, 5, 2, 200, 2]",1778654331,12000000,25.436886,2.119740e-06,599.000,"[0, 0, 0, 0, 0, 0]",753.000,"[0, 49, 3, 0, 53, 0]"
7,"[1000, 2, 2, 20, 1, 100, 1]",1778654331,56000,3.201968,5.717800e-05,999.000,"[0, 0, 0, 0, 0, 0, 0]",1119.000,"[0, 1, 0, 1, 0, 20, 0]"
3,"[1000, 5, 2]",1778654332,30,0.003578,1.192667e-04,999.000,"[0, 0, 0]",1004.000,"[0, 4, 1]"
4,"[50, 10, 50, 1000]",1778654332,2000000,9.038167,4.519084e-06,999.000,"[0, 0, 0, 0]",1106.000,"[0, 9, 8, 7]"
5,"[1, 1, 500, 5, 100]",1778654332,1250000,0.060545,4.843600e-08,499.000,"[0, 0, 0, 0, 0]",602.000,"[0, 0, 0, 4, 3]"
6,"[200, 10, 10, 20, 1, 5]",1778654332,60000,0.351143,5.852383e-06,199.000,"[0, 0, 0, 0, 0, 0]",240.000,"[0, 9, 8, 17, 0, 1]"
7,"[200, 1, 1, 1, 10, 100, 50]",1778654332,350000,1.913000,5.465714e-06,199.000,"[0, 0, 0, 0, 0, 0, 0]",356.000,"[0, 0, 0, 0, 9, 8, 7]"
3,"[10, 200, 20]",1778654333,12000,0.005608,4.673333e-07,199.000,"[0, 0, 0]",227.000,"[0, 9, 8]"
4,"[500, 200, 5, 5]",1778654333,20000,0.589527,2.947635e-05,599.000,"[0, 0, 0, 0]",706.000,"[0, 99, 3, 2]"
5,"[10, 10, 2, 100, 100]",1778654333,1000000,0.264839,2.648390e-07,99.000,"[0, 0, 0, 0, 0]",217.000,"[0, 9, 0, 9, 8]"
6,"[1000, 5, 2, 200, 1, 1]",1778654333,12000,0.768838,6.406983e-05,999.000,"[0, 0, 0, 0, 0, 0]",1203.000,"[0, 4, 1, 4, 0, 0]"
7,"[20, 2, 5, 5, 2, 50, 10]",1778654333,350000,0.131247,3.749914e-07,59.000,"[0, 0, 0, 0, 0, 0, 0]",87.000,"[0, 1, 0, 4, 0, 9, 8]"
3,"[100, 100, 5]",1778654334,1500,0.005429,3.619333e-06,99.000,"[0, 0, 0]",202.000,"[0, 99, 3]"
4,"[100, 2, 1, 2]",1778654334,16,0.000050,3.125000e-06,99.000,"[0, 0, 0, 0]",101.000,"[0, 1, 0, 0]"
5,"[200, 10, 100, 2, 5]",1778654334,50000,0.324226,6.484520e-06,199.000,"[0, 0, 0, 0, 0]",312.000,"[0, 9, 8, 1, 3]"
6,"[10, 10, 20, 100, 2, 2]",1778654334,480000,0.115739,2.411229e-07,99.000,"[0, 0, 0, 0, 0, 0]",138.000,"[0, 9, 8, 7, 0, 1]"
7,"[2, 20, 500, 10, 1, 1, 10]",1778654334,7000000,0.533225,7.617500e-08,499.000,"[0, 0, 0, 0, 0, 0, 0]",537.000,"[0, 1, 0, 9, 0, 0, 8]"
3,"[50, 1, 50]",1778654335,150,0.000243,1.620000e-06,49.000,"[0, 0, 0]",98.000,"[0, 0, 49]"
4,"[20, 2, 5, 50]",1778654335,2000,0.000984,4.920000e-07,59.000,"[0, 0, 0, 0]",73.000,"[0, 1, 0, 4]"
5,"[2, 1000, 2, 1, 20]",1778654335,200000,0.030210,1.510500e-07,999.000,"[0, 0, 0, 0, 0]",1020.000,"[0, 1, 0, 0, 1]"
6,"[1000, 1, 2, 500, 5, 5]",1778654335,150000,9.635934,6.423956e-05,999.000,"[0, 0, 0, 0, 0, 0]",1507.000,"[0, 0, 1, 0, 4, 3]"
7,"[100, 2, 2, 10, 10, 20, 1]",1778654335,56000,0.129408,2.310857e-06,99.000,"[0, 0, 0, 0, 0, 0, 0]",138.000,"[0, 1, 0, 1, 0, 19, 0]"
3,"[500, 1000, 10]",1778654336,30000,1.744782,5.815940e-05,999.000,"[0, 0, 0]",1507.000,"[0, 499, 8]"
4,"[200, 1, 20, 10]",1778654336,800,0.006360,7.950000e-06,199.000,"[0, 0, 0, 0]",227.000,"[0, 0, 19, 8]"
5,"[5, 200, 5, 200, 5]",1778654336,5000000,0.806649,1.613298e-07,199.000,"[0, 0, 0, 0, 0]",410.000,"[0, 4, 3, 7, 1]"
6,"[50, 20, 100, 1, 2, 10]",1778654336,240000,0.290289,1.209538e-06,99.000,"[0, 0, 0, 0, 0, 0]",177.000,"[0, 9, 68, 0, 1, 8]"
7,"[20, 2, 200, 10, 10, 1, 20]",1778654336,5600000,3.068556,5.479564e-07,199.000,"[0, 0, 0, 0, 0, 0, 0]",256.000,"[0, 1, 0, 9, 8, 0, 17]"
