n,periods,seed,C,R,R/C,min_latency (LZ-),min_offsets,max_latency (LZ+),max_offsets
3,"[10, 5, 50]",1777903098,750,0.196021,2.613618e-04,49,"[0, 0, 0]",62,"[0, 4, 3]"
4,"[1, 200, 1, 50]",1777903098,40000,0.221137,5.528428e-06,199,"[0, 0, 0, 0]",248,"[0, 0, 0, 49]"
5,"[500, 50, 10, 5, 1]",1777903098,12500,1.928065,1.542452e-04,499,"[0, 0, 0, 0, 0]",561,"[0, 49, 8, 2, 0]"
6,"[1, 50, 10, 1000, 5, 2]",1777903098,30000000,7.729846,2.576615e-07,999,"[0, 0, 0, 0, 0, 0]",1062,"[0, 0, 9, 8, 2, 1]"
3,"[20, 500, 50]",1777903099,75000,0.751921,1.002561e-05,499,"[0, 0, 0]",567,"[0, 19, 18]"
4,"[50, 100, 5, 1000]",1777903099,2000000,12.967512,6.483756e-06,999,"[0, 0, 0, 0]",1151,"[0, 49, 3, 52]"
5,"[2, 1, 100, 10, 20]",1777903099,100000,0.266478,2.664778e-06,99,"[0, 0, 0, 0, 0]",128,"[0, 0, 1, 0, 9]"
6,"[500, 1, 5, 2, 200, 20]",1777903099,240000,13.710173,5.712572e-05,599,"[0, 0, 0, 0, 0, 0]",722,"[0, 0, 4, 1, 4, 3]"
3,"[1, 1000, 1]",1777903100,3000,0.205496,6.849863e-05,999,"[0, 0, 0]",999,"[0, 0, 0]"
4,"[200, 50, 50, 20]",1777903100,200000,2.667932,1.333966e-05,199,"[0, 0, 0, 0]",316,"[0, 49, 48, 17]"
5,"[500, 20, 100, 2, 10]",1777903100,200000,7.460591,3.730295e-05,499,"[0, 0, 0, 0, 0]",627,"[0, 19, 18, 1, 8]"
6,"[50, 2, 10, 5, 2, 5]",1777903100,6000,0.301029,5.017148e-05,49,"[0, 0, 0, 0, 0, 0]",68,"[0, 1, 0, 4, 1, 4]"
3,"[1, 1, 5]",1777903101,15,0.199638,1.330918e-02,4,"[0, 0, 0]",4,"[0, 0, 0]"
4,"[2, 10, 1, 20]",1777903101,800,0.198537,2.481717e-04,19,"[0, 0, 0, 0]",29,"[0, 1, 0, 0]"
5,"[1000, 20, 50, 1, 1]",1777903101,5000,1.600601,3.201203e-04,999,"[0, 0, 0, 0, 0]",1067,"[0, 19, 18, 0, 0]"
6,"[100, 2, 2, 5, 50, 500]",1777903101,3000000,7.916190,2.638730e-06,499,"[0, 0, 0, 0, 0, 0]",653,"[0, 1, 0, 1, 5, 54]"
3,"[5, 50, 1]",1777903102,150,0.196912,1.312744e-03,49,"[0, 0, 0]",53,"[0, 4, 0]"
4,"[10, 200, 50, 20]",1777903102,800000,2.451927,3.064909e-06,199,"[0, 0, 0, 0]",276,"[0, 9, 8, 17]"
5,"[200, 10, 500, 2, 2]",1777903102,100000,4.943240,4.943240e-05,599,"[0, 0, 0, 0, 0]",709,"[0, 9, 8, 1, 0]"
6,"[5, 50, 500, 200, 1, 1]",1777903102,30000000,13.609994,4.536665e-07,599,"[0, 0, 0, 0, 0, 0]",751,"[0, 4, 3, 2, 0, 0]"
3,"[2, 20, 20]",1777903103,1200,0.206403,1.720027e-04,19,"[0, 0, 0]",39,"[0, 1, 0]"
4,"[100, 1, 1, 100]",1777903103,400,0.218916,5.472896e-04,99,"[0, 0, 0, 0]",198,"[0, 0, 0, 99]"
5,"[100, 1, 10, 100, 200]",1777903103,1000000,3.009721,3.009721e-06,199,"[0, 0, 0, 0, 0]",406,"[0, 0, 9, 8, 7]"
6,"[10, 20, 10, 20, 50, 5]",1777903103,6000000,1.534559,2.557598e-07,59,"[0, 0, 0, 0, 0, 0]",109,"[0, 9, 8, 17, 6, 0]"
3,"[50, 5, 20]",1777903104,300,0.211240,7.041318e-04,59,"[0, 0, 0]",72,"[0, 4, 3]"
4,"[10, 200, 20, 1000]",1777903104,16000000,12.986280,8.116425e-07,999,"[0, 0, 0, 0]",1226,"[0, 9, 8, 27]"
5,"[1000, 20, 50, 1, 5]",1777903104,25000,7.096270,2.838508e-04,999,"[0, 0, 0, 0, 0]",1071,"[0, 19, 18, 0, 2]"
6,"[50, 2, 20, 10, 2, 50]",1777903104,240000,1.488687,6.202864e-06,59,"[0, 0, 0, 0, 0, 10]",128,"[0, 1, 0, 9, 0, 29]"
3,"[10, 5, 5]",1777903105,75,0.197806,2.637407e-03,9,"[0, 0, 0]",17,"[0, 4, 3]"
4,"[200, 1000, 20, 1]",1777903105,80000,5.198428,6.498035e-05,999,"[0, 0, 0, 0]",1217,"[0, 199, 18, 0]"
5,"[20, 200, 2, 100, 1]",1777903105,200000,1.246101,6.230503e-06,199,"[0, 0, 0, 0, 0]",318,"[0, 19, 0, 19, 0]"
6,"[5, 1000, 5, 2, 5, 20]",1777903105,6000000,7.704573,1.284095e-06,999,"[0, 0, 0, 0, 0, 0]",1031,"[0, 4, 3, 1, 3, 12]"
3,"[10, 100, 5]",1777903106,1500,0.212250,1.414998e-04,99,"[0, 0, 0]",112,"[0, 9, 3]"
4,"[5, 1000, 100, 20]",1777903106,8000000,12.288922,1.536115e-06,999,"[0, 0, 0, 0]",1121,"[0, 4, 3, 2]"
5,"[2, 5, 20, 1000, 500]",1777903106,250000000,14.866734,5.946694e-08,999,"[0, 0, 0, 0, 0]",1522,"[0, 0, 9, 8, 7]"
6,"[50, 1, 1000, 5, 5, 20]",1777903106,3000000,15.435387,5.145129e-06,999,"[0, 0, 0, 0, 0, 0]",1075,"[0, 0, 49, 3, 2, 16]"
3,"[20, 10, 50]",1777903107,1500,0.216977,1.446511e-04,59,"[0, 0, 0]",77,"[0, 9, 8]"
4,"[5, 20, 50, 1]",1777903107,4000,0.215252,5.381298e-05,59,"[0, 0, 0, 0]",72,"[0, 4, 3, 0]"
5,"[1, 2, 10, 500, 100]",1777903107,5000000,1.522724,3.045448e-07,499,"[0, 0, 0, 0, 0]",608,"[0, 0, 1, 0, 99]"
6,"[100, 2, 200, 2, 2, 20]",1777903107,192000,3.040657,1.583676e-05,199,"[0, 0, 0, 0, 0, 0]",320,"[0, 1, 0, 1, 0, 1]"
3,"[500, 20, 20]",1777903108,1200,0.429286,3.577383e-04,499,"[0, 0, 0]",537,"[0, 19, 18]"
4,"[20, 1000, 20, 50]",1777903108,4000000,12.802627,3.200657e-06,999,"[0, 0, 0, 0]",1086,"[0, 19, 18, 37]"
5,"[5, 10, 10, 100, 1]",1777903108,50000,0.281249,5.624987e-06,99,"[0, 0, 0, 0, 0]",121,"[0, 4, 3, 2, 0]"
6,"[200, 1, 10, 10, 200, 5]",1777903108,600000,3.349672,5.582786e-06,199,"[0, 0, 0, 0, 0, 0]",420,"[0, 0, 9, 8, 17, 1]"
3,"[1000, 100, 50]",1777903109,15000,5.606834,3.737890e-04,999,"[0, 0, 0]",1147,"[0, 99, 48]"
4,"[5, 500, 10, 50]",1777903109,1000000,1.703890,1.703890e-06,499,"[0, 0, 0, 0]",561,"[0, 4, 3, 12]"
5,"[50, 20, 20, 10, 10]",1777903109,200000,1.355333,6.776667e-06,59,"[0, 0, 0, 0, 0]",105,"[0, 9, 8, 7, 6]"
6,"[200, 10, 2, 1, 10, 100]",1777903109,120000,3.066645,2.555537e-05,199,"[0, 0, 0, 0, 0, 0]",317,"[0, 9, 0, 0, 9, 18]"
3,"[200, 200, 5]",1777903110,3000,0.422737,1.409122e-04,199,"[0, 0, 0]",402,"[0, 199, 3]"
4,"[2, 50, 100, 20]",1777903110,400000,0.446197,1.115493e-06,99,"[0, 0, 0, 0]",168,"[0, 1, 0, 19]"
5,"[5, 500, 20, 200, 2]",1777903110,20000000,12.705545,6.352772e-07,599,"[0, 0, 0, 0, 0]",722,"[0, 4, 3, 22, 1]"
6,"[5, 2, 2, 20, 500, 100]",1777903110,24000000,7.808646,3.253602e-07,499,"[0, 0, 0, 0, 0, 0]",623,"[0, 0, 1, 6, 5, 4]"
3,"[500, 10, 10]",1777903111,300,0.272065,9.068827e-04,499,"[0, 0, 0]",517,"[0, 9, 8]"
4,"[50, 100, 200, 5]",1777903111,400000,2.561836,6.404589e-06,199,"[0, 0, 0, 0]",351,"[0, 49, 48, 2]"
5,"[200, 1, 500, 50, 1]",1777903111,125000,6.281519,5.025215e-05,599,"[0, 0, 0, 0, 0]",747,"[0, 0, 99, 48, 0]"
6,"[100, 1, 2, 5, 1, 200]",1777903111,12000,0.494437,4.120306e-05,199,"[0, 0, 0, 0, 0, 0]",303,"[0, 0, 1, 0, 0, 4]"
3,"[200, 2, 100]",1777903112,600,0.253234,4.220559e-04,199,"[0, 0, 0]",299,"[0, 1, 0]"
4,"[50, 50, 50, 2]",1777903112,20000,0.536870,2.684351e-05,49,"[0, 0, 0, 0]",148,"[0, 49, 48, 1]"
5,"[100, 5, 20, 20, 2]",1777903112,20000,0.720250,3.601252e-05,99,"[0, 0, 0, 0, 0]",142,"[0, 4, 3, 2, 1]"
6,"[2, 10, 1, 10, 2, 20]",1777903112,24000,0.228242,9.510076e-06,19,"[0, 0, 0, 0, 0, 0]",39,"[0, 1, 0, 0, 1, 0]"
3,"[200, 10, 10]",1777903113,300,0.233099,7.769973e-04,199,"[0, 0, 0]",217,"[0, 9, 8]"
4,"[1000, 2, 20, 10]",1777903113,1600,0.699711,4.373196e-04,999,"[0, 0, 0, 0]",1028,"[0, 1, 0, 9]"
5,"[1, 50, 5, 50, 5]",1777903113,312500,0.298625,9.555985e-07,49,"[0, 0, 0, 0, 0]",106,"[0, 0, 4, 3, 2]"
6,"[10, 50, 2, 500, 1, 1]",1777903113,300000,0.934493,3.114976e-06,499,"[0, 0, 0, 0, 0, 0]",558,"[0, 9, 0, 9, 0, 0]"
3,"[10, 1000, 10]",1777903114,30000,0.316835,1.056117e-05,999,"[0, 0, 0]",1017,"[0, 9, 8]"
4,"[50, 50, 20, 50]",1777903114,200000,1.269763,6.348817e-06,59,"[0, 0, 0, 10]",166,"[0, 49, 8, 17]"
5,"[1000, 1000, 1, 20, 5]",1777903114,500000,15.122315,3.024463e-05,999,"[0, 0, 0, 0, 0]",2021,"[0, 999, 0, 18, 2]"
6,"[20, 5, 500, 10, 50, 1]",1777903114,7500000,8.027182,1.070291e-06,499,"[0, 0, 0, 0, 0, 0]",580,"[0, 4, 3, 2, 11, 0]"
3,"[200, 10, 20]",1777903115,600,0.256972,4.282862e-04,199,"[0, 0, 0]",227,"[0, 9, 8]"
4,"[1, 1000, 2, 200]",1777903115,1600000,0.703253,4.395333e-07,999,"[0, 0, 0, 0]",1199,"[0, 0, 1, 0]"
5,"[200, 50, 2, 10, 20]",1777903115,100000,2.748120,2.748120e-05,199,"[0, 0, 0, 0, 0]",277,"[0, 49, 0, 9, 18]"
6,"[5, 100, 20, 5, 5, 2]",1777903115,600000,0.903354,1.505591e-06,99,"[0, 0, 0, 0, 0, 0]",131,"[0, 4, 3, 2, 1, 0]"
3,"[10, 5, 5]",1777903116,75,0.195126,2.601679e-03,9,"[0, 0, 0]",17,"[0, 4, 3]"
4,"[5, 1, 1, 200]",1777903116,800,0.195135,2.439189e-04,199,"[0, 0, 0, 0]",203,"[0, 0, 0, 4]"
5,"[100, 5, 20, 5, 20]",1777903116,50000,1.459913,2.919825e-05,99,"[0, 0, 0, 0, 0]",145,"[0, 4, 3, 2, 6]"
6,"[1, 5, 100, 100, 20, 2]",1777903116,12000000,1.702565,1.418804e-07,99,"[0, 0, 0, 0, 0, 0]",222,"[0, 0, 4, 3, 2, 1]"
3,"[2, 5, 2]",1777903117,30,0.199232,6.641080e-03,5,"[0, 0, 0]",6,"[0, 0, 1]"
4,"[5, 10, 2, 200]",1777903117,16000,0.230297,1.439358e-05,199,"[0, 0, 0, 0]",213,"[0, 4, 1, 4]"
5,"[2, 2, 1000, 10, 50]",1777903117,5000000,2.864095,5.728189e-07,999,"[0, 0, 0, 0, 0]",1059,"[0, 1, 0, 9, 8]"
6,"[20, 20, 50, 2, 1000, 2]",1777903117,24000000,16.178857,6.741190e-07,999,"[0, 0, 0, 0, 0, 0]",1088,"[0, 19, 8, 1, 8, 1]"
3,"[10, 5, 1000]",1777903118,15000,0.262466,1.749773e-05,999,"[0, 0, 0]",1012,"[0, 4, 3]"
4,"[20, 200, 5, 500]",1777903118,2000000,10.585380,5.292690e-06,599,"[0, 0, 0, 0]",721,"[0, 19, 3, 22]"
5,"[2, 1000, 50, 2, 10]",1777903118,5000000,2.977246,5.954493e-07,999,"[0, 0, 0, 0, 0]",1059,"[0, 1, 0, 1, 0]"
6,"[2, 2, 1, 20, 20, 100]",1777903118,480000,0.436056,9.084501e-07,99,"[0, 0, 0, 0, 0, 0]",139,"[0, 1, 0, 0, 19, 18]"
3,"[2, 2, 100]",1777903119,600,0.196441,3.274016e-04,99,"[0, 0, 0]",101,"[0, 1, 0]"
4,"[2, 200, 20, 1]",1777903119,16000,0.219433,1.371456e-05,199,"[0, 0, 0, 0]",219,"[0, 1, 0, 0]"
5,"[2, 10, 50, 500, 100]",1777903119,125000000,7.202871,5.762297e-08,499,"[0, 0, 0, 0, 0]",657,"[0, 1, 0, 49, 48]"
6,"[10, 10, 50, 10, 1, 5]",1777903119,150000,0.597070,3.980468e-06,49,"[0, 0, 0, 0, 0, 0]",80,"[0, 9, 8, 7, 0, 1]"
3,"[20, 5, 5]",1777903120,75,0.203658,2.715440e-03,19,"[0, 0, 0]",27,"[0, 4, 3]"
4,"[5, 1, 1, 200]",1777903120,800,0.201894,2.523676e-04,199,"[0, 0, 0, 0]",203,"[0, 0, 0, 4]"
5,"[100, 20, 5, 5, 2]",1777903120,5000,0.336541,6.730828e-05,99,"[0, 0, 0, 0, 0]",127,"[0, 19, 3, 2, 0]"
6,"[200, 2, 50, 1, 2, 1000]",1777903120,1200000,15.951298,1.329275e-05,999,"[0, 0, 0, 0, 0, 0]",1249,"[0, 1, 0, 0, 1, 50]"
3,"[500, 1000, 2]",1777903121,6000,1.345285,2.242141e-04,999,"[0, 0, 0]",1499,"[0, 499, 0]"
4,"[1, 500, 500, 200]",1777903121,200000000,11.660173,5.830087e-08,599,"[0, 0, 0, 0]",1197,"[0, 0, 499, 98]"
5,"[50, 10, 5, 10, 5]",1777903121,12500,0.394067,3.152533e-05,49,"[0, 0, 0, 0, 0]",75,"[0, 9, 3, 2, 1]"
6,"[50, 2, 100, 100, 10, 1]",1777903121,1200000,1.779213,1.482678e-06,99,"[0, 0, 0, 0, 0, 0]",257,"[0, 1, 0, 99, 8, 0]"
3,"[1, 10, 10]",1777903122,300,0.202897,6.763221e-04,9,"[0, 0, 0]",18,"[0, 0, 9]"
4,"[20, 10, 100, 5]",1777903122,20000,0.324141,1.620707e-05,99,"[0, 0, 0, 0]",131,"[0, 9, 8, 2]"
5,"[10, 5, 20, 500, 100]",1777903122,25000000,7.186652,2.874661e-07,499,"[0, 0, 0, 0, 0]",630,"[0, 4, 3, 2, 1]"
6,"[1, 2, 20, 20, 20, 1]",1777903122,96000,0.245934,2.561817e-06,19,"[0, 0, 0, 0, 0, 0]",58,"[0, 0, 1, 0, 19, 0]"
3,"[200, 100, 10]",1777903123,3000,0.417154,1.390515e-04,199,"[0, 0, 0]",307,"[0, 99, 8]"
4,"[10, 1, 2, 100]",1777903123,800,0.202033,2.525410e-04,99,"[0, 0, 0, 0]",109,"[0, 0, 1, 0]"
5,"[100, 200, 5, 20, 5]",1777903123,500000,3.107765,6.215529e-06,199,"[0, 0, 0, 0, 0]",325,"[0, 99, 3, 2, 1]"
6,"[20, 500, 1, 2, 20, 200]",1777903123,24000000,14.125778,5.885741e-07,599,"[0, 0, 0, 0, 0, 0]",737,"[0, 19, 0, 0, 19, 38]"
3,"[20, 500, 50]",1777903124,75000,0.718166,9.575540e-06,499,"[0, 0, 0]",567,"[0, 19, 18]"
4,"[200, 2, 50, 50]",1777903124,20000,1.314424,6.572119e-05,199,"[0, 0, 0, 0]",298,"[0, 1, 0, 49]"
5,"[500, 5, 1, 1000, 2]",1777903124,50000,7.159524,1.431905e-04,999,"[0, 0, 0, 0, 0]",1503,"[0, 4, 0, 3, 0]"
6,"[1, 100, 100, 5, 1, 1]",1777903124,300000,0.272580,9.086016e-07,99,"[0, 0, 0, 0, 0, 0]",202,"[0, 0, 99, 3, 0, 0]"
3,"[2, 1000, 20]",1777903125,60000,0.254189,4.236476e-06,999,"[0, 0, 0]",1019,"[0, 1, 0]"
4,"[2, 1, 200, 2]",1777903125,1600,0.196227,1.226421e-04,199,"[0, 0, 0, 0]",201,"[0, 0, 1, 0]"
5,"[1000, 5, 200, 1, 20]",1777903125,100000,14.565232,1.456523e-04,999,"[0, 0, 0, 0, 0]",1221,"[0, 4, 3, 0, 2]"
6,"[500, 2, 20, 10, 1, 200]",1777903125,480000,14.094314,2.936315e-05,599,"[0, 0, 0, 0, 0, 0]",727,"[0, 1, 0, 9, 0, 28]"
3,"[10, 100, 50]",1777903126,15000,0.268683,1.791218e-05,99,"[0, 0, 0]",157,"[0, 9, 8]"
4,"[2, 5, 10, 10]",1777903126,2000,0.202712,1.013558e-04,9,"[0, 0, 0, 0]",23,"[0, 0, 9, 8]"
5,"[500, 200, 1, 2, 1]",1777903126,2000,0.455488,2.277442e-04,599,"[0, 0, 0, 0, 0]",699,"[0, 99, 0, 0, 0]"
6,"[10, 2, 5, 1, 500, 20]",1777903126,600000,1.631589,2.719315e-06,499,"[0, 0, 0, 0, 0, 0]",532,"[0, 1, 0, 0, 4, 3]"
3,"[1, 1000, 50]",1777903127,150000,0.264427,1.762848e-06,999,"[0, 0, 0]",1048,"[0, 0, 49]"
4,"[5, 1, 500, 500]",1777903127,1000000,1.732936,1.732936e-06,499,"[0, 0, 0, 0]",1002,"[0, 0, 4, 3]"
5,"[1, 20, 5, 1000, 20]",1777903127,10000000,2.839904,2.839904e-07,999,"[0, 0, 0, 0, 0]",1041,"[0, 0, 4, 3, 2]"
6,"[5, 2, 2, 50, 20, 20]",1777903127,480000,0.688178,1.433704e-06,59,"[0, 0, 0, 0, 0, 0]",93,"[0, 0, 1, 6, 5, 4]"
3,"[100, 500, 1000]",1777903128,1500000,11.713127,7.808751e-06,999,"[0, 0, 0]",1597,"[0, 99, 98]"
4,"[2, 200, 100, 100]",1777903128,8000000,2.609873,3.262341e-07,199,"[0, 0, 0, 0]",398,"[0, 1, 0, 99]"
5,"[1000, 50, 1000, 1, 2]",1777903128,500000,14.882582,2.976516e-05,999,"[0, 0, 0, 0, 0]",2048,"[0, 49, 48, 0, 1]"
6,"[200, 1, 50, 10, 1, 2]",1777903128,6000,0.480360,8.006001e-05,199,"[0, 0, 0, 0, 0, 0]",258,"[0, 0, 49, 8, 0, 1]"
3,"[1000, 5, 200]",1777903129,3000,1.291484,4.304946e-04,999,"[0, 0, 0]",1202,"[0, 4, 3]"
4,"[20, 500, 500, 2]",1777903129,2000000,6.693859,3.346929e-06,499,"[0, 0, 0, 0]",1018,"[0, 19, 18, 1]"
5,"[500, 100, 5, 2, 2]",1777903129,10000,1.570344,1.570344e-04,499,"[0, 0, 0, 0, 0]",604,"[0, 99, 3, 0, 1]"
6,"[5, 2, 200, 20, 100, 1]",1777903129,4800000,3.058075,6.370989e-07,199,"[0, 0, 0, 0, 0, 0]",322,"[0, 0, 5, 4, 23, 0]"
3,"[500, 2, 50]",1777903130,300,0.265836,8.861216e-04,499,"[0, 0, 0]",549,"[0, 1, 0]"
4,"[5, 1, 20, 100]",1777903130,8000,0.221450,2.768122e-05,99,"[0, 0, 0, 0]",122,"[0, 0, 4, 3]"
5,"[1, 50, 1, 10, 200]",1777903130,500000,0.329142,6.582840e-07,199,"[0, 0, 0, 0, 0]",257,"[0, 0, 0, 9, 8]"
6,"[50, 10, 10, 100, 1, 10]",1777903130,600000,1.681316,2.802194e-06,99,"[0, 0, 0, 0, 0, 0]",175,"[0, 9, 8, 17, 0, 6]"
3,"[2, 50, 1]",1777903131,150,0.195070,1.300469e-03,49,"[0, 0, 0]",50,"[0, 1, 0]"
4,"[20, 20, 50, 2]",1777903131,8000,0.250813,3.135166e-05,59,"[0, 0, 0, 0]",88,"[0, 19, 8, 1]"
5,"[50, 100, 50, 1, 10]",1777903131,250000,1.521875,6.087501e-06,99,"[0, 0, 0, 0, 0]",206,"[0, 49, 48, 0, 7]"
6,"[1, 200, 100, 50, 5, 2]",1777903131,60000000,3.289773,5.482954e-08,199,"[0, 0, 0, 0, 0, 0]",352,"[0, 0, 99, 48, 2, 1]"
3,"[1, 50, 20]",1777903132,3000,0.197200,6.573317e-05,59,"[0, 0, 0]",68,"[0, 0, 9]"
4,"[1, 10, 5, 1000]",1777903132,200000,0.274869,1.374345e-06,999,"[0, 0, 0, 0]",1012,"[0, 0, 4, 3]"
5,"[20, 2, 1000, 10, 1]",1777903132,100000,0.753453,7.534530e-06,999,"[0, 0, 0, 0, 0]",1028,"[0, 1, 0, 9, 0]"
6,"[20, 200, 500, 2, 2, 2]",1777903132,4800000,13.678348,2.849656e-06,599,"[0, 0, 0, 0, 0, 0]",720,"[0, 19, 18, 1, 0, 1]"
3,"[200, 5, 2]",1777903133,30,0.203542,6.784726e-03,199,"[0, 0, 0]",204,"[0, 4, 1]"
4,"[200, 20, 1, 200]",1777903133,16000,1.166399,7.289993e-05,199,"[0, 0, 0, 0]",417,"[0, 19, 0, 18]"
5,"[1, 5, 200, 50, 50]",1777903133,12500000,2.655170,2.124136e-07,199,"[0, 0, 0, 0, 0]",301,"[0, 0, 4, 3, 2]"
6,"[20, 1000, 100, 1, 1, 50]",1777903133,30000000,16.129525,5.376508e-07,999,"[0, 0, 0, 0, 0, 0]",1166,"[0, 19, 18, 0, 0, 17]"
3,"[2, 20, 20]",1777903134,1200,0.209636,1.746965e-04,19,"[0, 0, 0]",39,"[0, 1, 0]"
4,"[50, 10, 1000, 200]",1777903134,8000000,13.098974,1.637372e-06,999,"[0, 0, 0, 0]",1256,"[0, 9, 8, 7]"
5,"[1, 1000, 20, 200, 20]",1777903134,400000000,14.810816,3.702704e-08,999,"[0, 0, 0, 0, 0]",1236,"[0, 0, 19, 18, 17]"
6,"[1, 5, 1000, 1, 2, 50]",1777903134,3000000,0.956680,3.188934e-07,999,"[0, 0, 0, 0, 0, 0]",1053,"[0, 0, 4, 0, 1, 4]"
3,"[10, 100, 5]",1777903135,1500,0.211169,1.407792e-04,99,"[0, 0, 0]",112,"[0, 9, 3]"
4,"[500, 1, 1000, 50]",1777903135,200000,13.114197,6.557098e-05,999,"[0, 0, 0, 0]",1547,"[0, 0, 499, 48]"
5,"[2, 10, 100, 100, 10]",1777903135,5000000,1.537501,3.075001e-07,99,"[0, 0, 0, 0, 0]",217,"[0, 1, 0, 99, 8]"
6,"[10, 5, 500, 1, 20, 100]",1777903135,30000000,8.039362,2.679787e-07,499,"[0, 0, 0, 0, 0, 0]",630,"[0, 4, 3, 0, 2, 21]"
3,"[10, 10, 200]",1777903136,6000,0.237913,3.965213e-05,199,"[0, 0, 0]",217,"[0, 9, 8]"
4,"[200, 2, 20, 1]",1777903136,160,0.218623,1.366394e-03,199,"[0, 0, 0, 0]",219,"[0, 1, 0, 0]"
5,"[2, 1000, 1, 50, 10]",1777903136,2500000,1.546489,6.185958e-07,999,"[0, 0, 0, 0, 0]",1058,"[0, 1, 0, 0, 9]"
6,"[2, 1, 50, 100, 10, 10]",1777903136,3000000,1.561272,5.204241e-07,99,"[0, 0, 0, 0, 0, 0]",167,"[0, 0, 1, 0, 9, 8]"
3,"[10, 2, 1]",1777903137,6,0.192780,3.213000e-02,9,"[0, 0, 0]",10,"[0, 1, 0]"
4,"[20, 50, 20, 500]",1777903137,2000000,6.277108,3.138554e-06,499,"[0, 0, 0, 0]",586,"[0, 9, 8, 27]"
5,"[1000, 5, 5, 1000, 1]",1777903137,125000,14.409021,1.152722e-04,999,"[0, 0, 0, 0, 0]",2006,"[0, 4, 3, 7, 0]"
6,"[50, 1, 10, 20, 200, 10]",1777903137,2400000,3.124959,1.302066e-06,199,"[0, 0, 0, 0, 0, 0]",285,"[0, 0, 9, 8, 27, 6]"
3,"[5, 500, 1000]",1777903138,1500000,2.881766,1.921177e-06,999,"[0, 0, 0]",1502,"[0, 4, 3]"
4,"[500, 1, 10, 10]",1777903138,400,0.273263,6.831587e-04,499,"[0, 0, 0, 0]",517,"[0, 0, 9, 8]"
5,"[100, 2, 10, 1, 50]",1777903138,5000,0.337649,6.752977e-05,99,"[0, 0, 0, 0, 0]",158,"[0, 1, 0, 0, 9]"
6,"[2, 1000, 1, 20, 10, 2]",1777903138,2400000,1.405533,5.856387e-07,999,"[0, 0, 0, 0, 0, 0]",1029,"[0, 1, 0, 0, 9, 0]"
3,"[5, 200, 1000]",1777903139,600000,1.263946,2.106576e-06,999,"[0, 0, 0]",1202,"[0, 4, 3]"
4,"[10, 100, 100, 100]",1777903139,4000000,1.544307,3.860767e-07,99,"[0, 0, 0, 0]",306,"[0, 9, 8, 7]"
5,"[20, 1, 1, 1, 10]",1777903139,50,0.198662,3.973237e-03,19,"[0, 0, 0, 0, 0]",28,"[0, 0, 0, 0, 9]"
6,"[1000, 10, 50, 2, 2, 10]",1777903139,120000,15.751530,1.312627e-04,999,"[0, 0, 0, 0, 0, 0]",1068,"[0, 9, 8, 1, 0, 9]"
3,"[20, 2, 20]",1777903140,120,0.197594,1.646614e-03,19,"[0, 0, 0]",39,"[0, 1, 0]"
4,"[5, 1, 1000, 200]",1777903140,800000,1.404970,1.756212e-06,999,"[0, 0, 0, 0]",1202,"[0, 0, 4, 3]"
5,"[2, 200, 200, 2, 1]",1777903140,400000,0.419394,1.048485e-06,199,"[0, 0, 0, 0, 0]",400,"[0, 1, 0, 1, 0]"
6,"[10, 100, 5, 2, 2, 5]",1777903140,60000,0.347193,5.786546e-06,99,"[0, 0, 0, 0, 0, 0]",118,"[0, 9, 3, 0, 1, 4]"
3,"[2, 2, 2]",1777903141,12,0.197301,1.644179e-02,1,"[0, 0, 0]",3,"[0, 1, 0]"
4,"[10, 50, 50, 500]",1777903141,5000000,6.127845,1.225569e-06,499,"[0, 0, 0, 0]",606,"[0, 9, 8, 7]"
5,"[20, 10, 20, 500, 5]",1777903141,2500000,6.958932,2.783573e-06,499,"[0, 0, 0, 0, 0]",550,"[0, 9, 8, 7, 1]"
6,"[50, 5, 10, 10, 1, 100]",1777903141,300000,1.626838,5.422794e-06,99,"[0, 0, 0, 0, 0, 0]",170,"[0, 4, 3, 2, 0, 21]"
3,"[2, 20, 500]",1777903142,30000,0.230786,7.692852e-06,499,"[0, 0, 0]",519,"[0, 1, 0]"
4,"[10, 1, 100, 200]",1777903142,80000,0.435785,5.447312e-06,199,"[0, 0, 0, 0]",307,"[0, 0, 9, 8]"
5,"[5, 10, 500, 5, 100]",1777903142,12500000,6.797194,5.437755e-07,499,"[0, 0, 0, 0, 0]",615,"[0, 4, 3, 2, 6]"
6,"[100, 20, 1, 2, 100, 1]",1777903142,24000,0.767296,3.197065e-05,99,"[0, 0, 0, 0, 0, 0]",218,"[0, 19, 0, 0, 19, 0]"
3,"[20, 10, 20]",1777903143,600,0.209913,3.498553e-04,19,"[0, 0, 0]",47,"[0, 9, 8]"
4,"[1000, 20, 10, 20]",1777903143,16000,5.102479,3.189049e-04,999,"[0, 0, 0, 0]",1046,"[0, 19, 8, 7]"
5,"[1, 1000, 1, 200, 100]",1777903143,100000000,14.451646,1.445165e-07,999,"[0, 0, 0, 0, 0]",1297,"[0, 0, 0, 199, 98]"
6,"[2, 100, 2, 100, 1, 1000]",1777903143,120000000,15.834180,1.319515e-07,999,"[0, 0, 0, 0, 0, 0]",1199,"[0, 1, 0, 1, 0, 0]"
3,"[10, 500, 1000]",1777903144,1500000,5.666541,3.777694e-06,999,"[0, 0, 0]",1507,"[0, 9, 8]"
4,"[100, 10, 2, 50]",1777903144,4000,0.323548,8.088704e-05,99,"[0, 0, 0, 0]",158,"[0, 9, 0, 9]"
5,"[200, 1, 50, 20, 2]",1777903144,10000,0.692485,6.924853e-05,199,"[0, 0, 0, 0, 0]",268,"[0, 0, 49, 8, 1]"
6,"[5, 200, 1, 20, 1, 1]",1777903144,24000,0.230831,9.617976e-06,199,"[0, 0, 0, 0, 0, 0]",222,"[0, 4, 0, 3, 0, 0]"
3,"[1, 100, 10]",1777903145,3000,0.196436,6.547876e-05,99,"[0, 0, 0]",108,"[0, 0, 9]"
4,"[10, 1, 10, 2]",1777903145,80,0.201364,2.517046e-03,9,"[0, 0, 0, 0]",19,"[0, 0, 9, 0]"
5,"[1, 200, 5, 1000, 50]",1777903145,250000000,14.493269,5.797308e-08,999,"[0, 0, 0, 0, 0]",1251,"[0, 0, 4, 3, 2]"
6,"[100, 2, 1, 500, 5, 100]",1777903145,3000000,8.066438,2.688813e-06,499,"[0, 0, 0, 0, 0, 0]",702,"[0, 1, 0, 0, 4, 3]"
3,"[10, 200, 1]",1777903146,600,0.203841,3.397348e-04,199,"[0, 0, 0]",208,"[0, 9, 0]"
4,"[5, 1, 1000, 1]",1777903146,4000,0.210010,5.250256e-05,999,"[0, 0, 0, 0]",1003,"[0, 0, 4, 0]"
5,"[10, 2, 500, 200, 50]",1777903146,50000000,12.501138,2.500228e-07,599,"[0, 0, 0, 0, 0]",757,"[0, 1, 0, 99, 48]"
6,"[1, 2, 200, 1, 20, 100]",1777903146,4800000,1.286483,2.680172e-07,199,"[0, 0, 0, 0, 0, 0]",318,"[0, 0, 1, 0, 0, 19]"
3,"[10, 10, 1000]",1777903147,30000,0.352641,1.175468e-05,999,"[0, 0, 0]",1017,"[0, 9, 8]"
4,"[500, 1000, 10, 5]",1777903147,200000,12.775212,6.387606e-05,999,"[0, 0, 0, 0]",1511,"[0, 499, 8, 2]"
5,"[500, 50, 1, 20, 5]",1777903147,25000,3.535185,1.414074e-04,499,"[0, 0, 0, 0, 0]",571,"[0, 49, 0, 8, 2]"
6,"[10, 100, 2, 1, 5, 2]",1777903147,12000,0.241404,2.011702e-05,99,"[0, 0, 0, 0, 0, 0]",114,"[0, 9, 0, 0, 4, 1]"
3,"[500, 500, 50]",1777903148,75000,5.750485,7.667313e-05,499,"[0, 0, 0]",1047,"[0, 499, 48]"
4,"[50, 10, 20, 500]",1777903148,400000,6.015599,1.503900e-05,499,"[0, 0, 0, 0]",576,"[0, 9, 8, 27]"
5,"[20, 2, 50, 2, 100]",1777903148,100000,0.715717,7.157170e-06,99,"[0, 0, 0, 0, 0]",169,"[0, 1, 0, 1, 50]"
6,"[20, 1, 1, 100, 2, 20]",1777903148,24000,0.327563,1.364845e-05,99,"[0, 0, 0, 0, 0, 0]",138,"[0, 0, 0, 19, 0, 19]"
3,"[50, 50, 5]",1777903149,750,0.219790,2.930536e-04,49,"[0, 0, 0]",102,"[0, 49, 3]"
4,"[200, 500, 100, 1]",1777903149,200000,10.713268,5.356634e-05,599,"[0, 0, 0, 0]",797,"[0, 99, 98, 0]"
5,"[1000, 2, 100, 20, 2]",1777903149,40000,11.149200,2.787300e-04,999,"[0, 0, 0, 0, 0]",1119,"[0, 1, 0, 19, 0]"
6,"[5, 5, 5, 1, 1, 5]",1777903149,750,0.196413,2.618840e-04,4,"[0, 0, 0, 0, 0, 0]",16,"[0, 4, 3, 0, 0, 2]"
3,"[2, 100, 200]",1777903150,60000,0.251059,4.184324e-06,199,"[0, 0, 0]",299,"[0, 1, 0]"
4,"[20, 5, 50, 100]",1777903150,100000,0.791026,7.910255e-06,99,"[0, 0, 0, 0]",171,"[0, 4, 3, 52]"
5,"[20, 1, 5, 10, 50]",1777903150,12500,0.266113,2.128907e-05,59,"[0, 0, 0, 0, 0]",81,"[0, 0, 4, 3, 2]"
6,"[2, 100, 200, 2, 1, 1]",1777903150,240000,0.325645,1.356853e-06,199,"[0, 0, 0, 0, 0, 0]",300,"[0, 1, 0, 1, 0, 0]"
3,"[5, 500, 500]",1777903151,750000,1.562267,2.083022e-06,499,"[0, 0, 0]",1002,"[0, 4, 3]"
4,"[50, 5, 500, 50]",1777903151,500000,6.096778,1.219356e-05,499,"[0, 0, 0, 0]",601,"[0, 4, 3, 2]"
5,"[20, 20, 5, 5, 1]",1777903151,2500,0.233265,9.330617e-05,19,"[0, 0, 0, 0, 0]",46,"[0, 19, 3, 2, 0]"
6,"[1, 2, 2, 100, 2, 50]",1777903151,240000,0.267955,1.116480e-06,99,"[0, 0, 0, 0, 0, 0]",151,"[0, 0, 1, 0, 1, 0]"
3,"[10, 10, 10]",1777903152,300,0.203457,6.781914e-04,9,"[0, 0, 0]",27,"[0, 9, 8]"
4,"[200, 5, 1000, 1]",1777903152,20000,1.434772,7.173860e-05,999,"[0, 0, 0, 0]",1202,"[0, 4, 3, 0]"
5,"[5, 20, 2, 1, 100]",1777903152,20000,0.234668,1.173339e-05,99,"[0, 0, 0, 0, 0]",123,"[0, 4, 1, 0, 4]"
6,"[10, 2, 5, 500, 10, 10]",1777903152,3000000,7.315429,2.438476e-06,499,"[0, 0, 0, 0, 0, 0]",531,"[0, 1, 0, 4, 3, 2]"
3,"[10, 100, 50]",1777903153,15000,0.267593,1.783955e-05,99,"[0, 0, 0]",157,"[0, 9, 8]"
4,"[50, 2, 200, 20]",1777903153,32000,0.647978,2.024932e-05,199,"[0, 0, 0, 0]",268,"[0, 1, 0, 19]"
5,"[1000, 2, 10, 100, 10]",1777903153,100000,14.382732,1.438273e-04,999,"[0, 0, 0, 0, 0]",1117,"[0, 1, 0, 9, 8]"
6,"[10, 20, 20, 5, 1, 5]",1777903153,60000,0.410372,6.839526e-06,19,"[0, 0, 0, 0, 0, 0]",55,"[0, 9, 8, 2, 0, 1]"
3,"[100, 5, 10]",1777903154,150,0.217512,1.450079e-03,99,"[0, 0, 0]",112,"[0, 4, 3]"
4,"[1, 100, 5, 100]",1777903154,200000,0.272167,1.360835e-06,99,"[0, 0, 0, 0]",202,"[0, 0, 4, 3]"
5,"[1000, 2, 10, 1, 1000]",1777903154,100000,14.533259,1.453326e-04,999,"[0, 0, 0, 0, 0]",2008,"[0, 1, 0, 0, 9]"
6,"[5, 5, 1, 50, 1, 200]",1777903154,300000,0.534723,1.782411e-06,199,"[0, 0, 0, 0, 0, 0]",256,"[0, 4, 0, 3, 0, 2]"
3,"[1, 5, 1000]",1777903155,15000,0.211212,1.408081e-05,999,"[0, 0, 0]",1003,"[0, 0, 4]"
4,"[10, 1000, 500, 10]",1777903155,20000000,13.249720,6.624860e-07,999,"[0, 0, 0, 0]",1516,"[0, 9, 8, 7]"
5,"[10, 50, 500, 1, 10]",1777903155,1250000,3.499437,2.799550e-06,499,"[0, 0, 0, 0, 0]",566,"[0, 9, 8, 0, 7]"
6,"[1, 50, 2, 100, 2, 1]",1777903155,120000,0.243525,2.029374e-06,99,"[0, 0, 0, 0, 0, 0]",150,"[0, 0, 1, 0, 1, 0]"
3,"[100, 1, 1]",1777903156,3,0.199510,6.650345e-02,99,"[0, 0, 0]",99,"[0, 0, 0]"
4,"[10, 1000, 10, 10]",1777903156,400000,1.409406,3.523514e-06,999,"[0, 0, 0, 0]",1026,"[0, 9, 8, 7]"
5,"[1000, 20, 10, 5, 100]",1777903156,500000,14.688340,2.937668e-05,999,"[0, 0, 0, 0, 0]",1130,"[0, 19, 8, 2, 31]"
6,"[10, 5, 1, 1, 50, 100]",1777903156,150000,0.555766,3.705108e-06,99,"[0, 0, 0, 0, 0, 0]",161,"[0, 4, 0, 0, 3, 2]"
3,"[100, 100, 5]",1777903157,1500,0.264175,1.761165e-04,99,"[0, 0, 0]",202,"[0, 99, 3]"
4,"[2, 20, 200, 1]",1777903157,16000,0.222693,1.391834e-05,199,"[0, 0, 0, 0]",219,"[0, 1, 0, 0]"
5,"[5, 1, 2, 1, 1000]",1777903157,10000,0.225346,2.253455e-05,999,"[0, 0, 0, 0, 0]",1004,"[0, 0, 0, 0, 5]"
6,"[5, 20, 10, 5, 200, 5]",1777903157,6000000,2.939456,4.899093e-07,199,"[0, 0, 0, 0, 0, 0]",239,"[0, 4, 3, 2, 16, 0]"
3,"[2, 500, 5]",1777903158,7500,0.201858,2.691443e-05,499,"[0, 0, 0]",504,"[0, 1, 0]"
4,"[200, 1, 200, 500]",1777903158,400000,11.146190,2.786548e-05,599,"[0, 0, 0, 0]",897,"[0, 0, 199, 98]"
5,"[20, 20, 200, 2, 20]",1777903158,800000,2.662287,3.327858e-06,199,"[0, 0, 0, 0, 0]",257,"[0, 19, 18, 1, 18]"
6,"[1000, 1, 50, 10, 10, 10]",1777903158,300000,15.994363,5.331454e-05,999,"[0, 0, 0, 0, 0, 0]",1075,"[0, 0, 49, 8, 7, 6]"
3,"[2, 50, 200]",1777903159,30000,0.236979,7.899310e-06,199,"[0, 0, 0]",249,"[0, 1, 0]"
4,"[50, 1000, 200, 1]",1777903159,800000,12.778730,1.597341e-05,999,"[0, 0, 0, 0]",1247,"[0, 49, 48, 0]"
5,"[10, 200, 10, 5, 2]",1777903159,100000,0.460706,4.607055e-06,199,"[0, 0, 0, 0, 0]",222,"[0, 9, 8, 2, 1]"
6,"[5, 20, 200, 200, 2, 1]",1777903159,9600000,3.280211,3.416886e-07,199,"[0, 0, 0, 0, 0, 0]",422,"[0, 4, 3, 2, 1, 0]"
3,"[10, 20, 1000]",1777903160,60000,0.424939,7.082325e-06,999,"[0, 0, 0]",1027,"[0, 9, 8]"
4,"[1000, 500, 200, 1]",1777903160,400000,13.669746,3.417437e-05,999,"[0, 0, 0, 0]",1697,"[0, 499, 98, 0]"
5,"[100, 50, 20, 1, 10]",1777903160,50000,1.473156,2.946313e-05,99,"[0, 0, 0, 0, 0]",176,"[0, 49, 8, 0, 7]"
6,"[1000, 50, 100, 5, 1, 1]",1777903160,150000,15.620263,1.041351e-04,999,"[0, 0, 0, 0, 0, 0]",1151,"[0, 49, 48, 2, 0, 0]"
3,"[50, 50, 2]",1777903161,300,0.212211,7.073715e-04,49,"[0, 0, 0]",99,"[0, 49, 0]"
4,"[50, 1, 200, 1000]",1777903161,800000,12.313510,1.539189e-05,999,"[0, 0, 0, 0]",1247,"[0, 0, 49, 48]"
5,"[500, 500, 1, 1, 200]",1777903161,500000,12.905665,2.581133e-05,599,"[0, 0, 0, 0, 0]",1197,"[0, 499, 0, 0, 98]"
6,"[2, 10, 100, 1, 50, 1000]",1777903161,300000000,15.922367,5.307456e-08,999,"[0, 0, 0, 0, 0, 0]",1157,"[0, 1, 0, 0, 49, 48]"
3,"[500, 50, 20]",1777903162,3000,0.748605,2.495350e-04,499,"[0, 0, 0]",567,"[0, 49, 8]"
4,"[100, 1, 50, 5]",1777903162,1000,0.240983,2.409831e-04,99,"[0, 0, 0, 0]",152,"[0, 0, 49, 3]"
5,"[1000, 1, 500, 200, 1]",1777903162,500000,15.268879,3.053776e-05,999,"[0, 0, 0, 0, 0]",1697,"[0, 0, 499, 98, 0]"
6,"[5, 2, 200, 20, 200, 2]",1777903162,19200000,3.282353,1.709559e-07,199,"[0, 0, 0, 0, 0, 0]",423,"[0, 0, 5, 4, 23, 0]"
3,"[1, 1, 1000]",1777903163,3000,0.203854,6.795136e-05,999,"[0, 0, 0]",999,"[0, 0, 0]"
4,"[2, 1, 1000, 1000]",1777903163,4000000,2.694927,6.737318e-07,999,"[0, 0, 0, 0]",1999,"[0, 0, 1, 0]"
5,"[100, 10, 2, 5, 5]",1777903163,2500,0.272594,1.090377e-04,99,"[0, 0, 0, 0, 0]",117,"[0, 9, 0, 4, 3]"
6,"[5, 20, 100, 10, 2, 50]",1777903163,12000000,1.717328,1.431107e-07,99,"[0, 0, 0, 0, 0, 0]",181,"[0, 4, 3, 2, 1, 12]"
3,"[10, 500, 1000]",1777903164,1500000,5.685263,3.790176e-06,999,"[0, 0, 0]",1507,"[0, 9, 8]"
4,"[500, 10, 500, 1]",1777903164,20000,3.308129,1.654065e-04,499,"[0, 0, 0, 0]",1007,"[0, 9, 8, 0]"
5,"[2, 500, 10, 200, 1]",1777903164,5000000,2.602957,5.205914e-07,599,"[0, 0, 0, 0, 0]",708,"[0, 1, 0, 9, 0]"
6,"[5, 20, 1, 10, 500, 100]",1777903164,60000000,7.831629,1.305271e-07,499,"[0, 0, 0, 0, 0, 0]",630,"[0, 4, 0, 3, 12, 11]"
3,"[1, 50, 1]",1777903165,150,0.198164,1.321092e-03,49,"[0, 0, 0]",49,"[0, 0, 0]"
4,"[2, 2, 5, 500]",1777903165,20000,0.221457,1.107285e-05,499,"[0, 0, 0, 0]",505,"[0, 1, 0, 4]"
5,"[5, 200, 20, 10, 2]",1777903165,400000,0.690355,1.725887e-06,199,"[0, 0, 0, 0, 0]",232,"[0, 4, 3, 2, 1]"
6,"[5, 5, 50, 1, 10, 2]",1777903165,30000,0.252193,8.406418e-06,49,"[0, 0, 0, 0, 0, 0]",67,"[0, 4, 3, 0, 2, 1]"
3,"[5, 10, 200]",1777903166,6000,0.221687,3.694781e-05,199,"[0, 0, 0]",212,"[0, 4, 3]"
4,"[10, 1, 50, 10]",1777903166,2000,0.214483,1.072413e-04,49,"[0, 0, 0, 0]",67,"[0, 0, 9, 8]"
5,"[10, 2, 50, 10, 1]",1777903166,5000,0.222779,4.455588e-05,49,"[0, 0, 0, 0, 0]",68,"[0, 1, 0, 9, 0]"
6,"[1, 20, 50, 5, 5, 1000]",1777903166,150000000,15.178922,1.011928e-07,999,"[0, 0, 0, 0, 0, 0]",1075,"[0, 0, 9, 3, 2, 16]"
3,"[500, 200, 50]",1777903167,30000,4.704138,1.568046e-04,599,"[0, 0, 0]",747,"[0, 99, 48]"
4,"[2, 50, 500, 1]",1777903167,100000,0.272417,2.724175e-06,499,"[0, 0, 0, 0]",549,"[0, 1, 0, 0]"
5,"[1, 20, 10, 2, 50]",1777903167,100000,0.235136,2.351356e-06,59,"[0, 0, 0, 0, 0]",78,"[0, 0, 9, 0, 9]"
6,"[2, 5, 10, 5, 500, 50]",1777903167,37500000,7.411565,1.976417e-07,499,"[0, 0, 0, 0, 0, 0]",566,"[0, 0, 9, 3, 2, 1]"
3,"[100, 50, 100]",1777903168,15000,0.735340,4.902267e-05,99,"[0, 0, 0]",247,"[0, 49, 48]"
4,"[200, 200, 2, 5]",1777903168,8000,0.695637,8.695462e-05,199,"[0, 0, 0, 0]",403,"[0, 199, 0, 4]"
5,"[5, 200, 500, 2, 100]",1777903168,100000000,12.746259,1.274626e-07,599,"[0, 0, 0, 0, 0]",802,"[0, 4, 3, 0, 3]"
6,"[10, 10, 500, 1, 5, 200]",1777903168,30000000,13.835487,4.611829e-07,599,"[0, 0, 0, 0, 0, 0]",720,"[0, 9, 8, 0, 2, 11]"
3,"[50, 20, 20]",1777903169,1200,0.236500,1.970832e-04,59,"[0, 0, 0]",87,"[0, 9, 8]"
4,"[10, 10, 50, 500]",1777903169,1000000,3.152491,3.152491e-06,499,"[0, 0, 0, 0]",566,"[0, 9, 8, 7]"
5,"[10, 10, 50, 1, 5]",1777903169,12500,0.245004,1.960029e-05,49,"[0, 0, 0, 0, 0]",71,"[0, 9, 8, 0, 2]"
6,"[200, 500, 20, 5, 2, 5]",1777903169,3000000,14.263095,4.754365e-06,599,"[0, 0, 0, 0, 0, 0]",726,"[0, 99, 18, 2, 1, 2]"
3,"[1000, 5, 1000]",1777903170,15000,5.831441,3.887627e-04,999,"[0, 0, 0]",2002,"[0, 4, 3]"
4,"[1, 500, 1000, 200]",1777903170,400000000,13.524856,3.381214e-08,999,"[0, 0, 0, 0]",1697,"[0, 0, 499, 98]"
5,"[10, 200, 2, 50, 5]",1777903170,500000,1.432431,2.864862e-06,199,"[0, 0, 0, 0, 0]",262,"[0, 9, 0, 9, 3]"
6,"[1, 200, 1, 10, 2, 100]",1777903170,2400000,0.758546,3.160608e-07,199,"[0, 0, 0, 0, 0, 0]",308,"[0, 0, 0, 9, 0, 9]"
3,"[1, 1, 1]",1777903171,3,0.193337,6.444583e-02,0,"[0, 0, 0]",0,"[0, 0, 0]"
4,"[1, 200, 100, 200]",1777903171,16000000,2.778572,1.736607e-07,199,"[0, 0, 0, 0]",497,"[0, 0, 99, 98]"
5,"[1, 500, 2, 50, 50]",1777903171,12500000,3.558825,2.847060e-07,499,"[0, 0, 0, 0, 0]",598,"[0, 0, 1, 0, 49]"
6,"[1000, 2, 10, 2, 2, 1000]",1777903171,480000,16.437447,3.424468e-05,999,"[0, 0, 0, 0, 0, 0]",2010,"[0, 1, 0, 1, 0, 11]"
3,"[1, 500, 50]",1777903172,75000,0.243510,3.246806e-06,499,"[0, 0, 0]",548,"[0, 0, 49]"
4,"[100, 2, 100, 1000]",1777903172,800000,12.793821,1.599228e-05,999,"[0, 0, 0, 0]",1198,"[0, 1, 0, 99]"
5,"[20, 10, 200, 2, 500]",1777903172,10000000,12.502055,1.250206e-06,599,"[0, 0, 0, 0, 0]",727,"[0, 9, 8, 1, 8]"
6,"[50, 1, 50, 50, 1, 5]",1777903172,75000,0.988934,1.318579e-05,49,"[0, 0, 0, 0, 0, 0]",151,"[0, 0, 49, 48, 0, 2]"
3,"[100, 50, 20]",1777903173,3000,0.319539,1.065130e-04,99,"[0, 0, 0]",167,"[0, 49, 8]"
4,"[5, 2, 1, 50]",1777903173,400,0.197350,4.933739e-04,49,"[0, 0, 0, 0]",54,"[0, 0, 0, 5]"
5,"[20, 5, 2, 1, 100]",1777903173,5000,0.239882,4.797639e-05,99,"[0, 0, 0, 0, 0]",123,"[0, 4, 1, 0, 4]"
6,"[20, 500, 5, 2, 2, 20]",1777903173,1200000,6.106680,5.088900e-06,499,"[0, 0, 0, 0, 0, 0]",543,"[0, 19, 3, 0, 1, 4]"
3,"[500, 1, 10]",1777903174,30,0.211549,7.051636e-03,499,"[0, 0, 0]",508,"[0, 0, 9]"
4,"[1, 5, 1, 5]",1777903174,100,0.198107,1.981067e-03,4,"[0, 0, 0, 0]",8,"[0, 0, 0, 4]"
5,"[20, 1, 5, 100, 1000]",1777903174,2500000,13.604532,5.441813e-06,999,"[0, 0, 0, 0, 0]",1121,"[0, 0, 4, 3, 2]"
6,"[2, 2, 2, 2, 1000, 2]",1777903174,96000,0.266107,2.771950e-06,999,"[0, 0, 0, 0, 0, 0]",1004,"[0, 1, 0, 1, 0, 1]"
3,"[5, 2, 20]",1777903175,120,0.197956,1.649636e-03,19,"[0, 0, 0]",24,"[0, 0, 5]"
4,"[100, 200, 2, 1]",1777903175,1600,0.256668,1.604173e-04,199,"[0, 0, 0, 0]",299,"[0, 99, 0, 0]"
5,"[1, 200, 20, 5, 100]",1777903175,10000000,2.723335,2.723335e-07,199,"[0, 0, 0, 0, 0]",321,"[0, 0, 19, 3, 22]"
6,"[1, 500, 100, 2, 5, 20]",1777903175,60000000,7.973257,1.328876e-07,499,"[0, 0, 0, 0, 0, 0]",622,"[0, 0, 99, 0, 4, 3]"
3,"[5, 500, 1]",1777903176,1500,0.207280,1.381868e-04,499,"[0, 0, 0]",503,"[0, 4, 0]"
4,"[2, 1, 500, 50]",1777903176,100000,0.270678,2.706779e-06,499,"[0, 0, 0, 0]",549,"[0, 0, 1, 0]"
5,"[1, 10, 200, 2, 1000]",1777903176,20000000,5.667953,2.833976e-07,999,"[0, 0, 0, 0, 0]",1208,"[0, 0, 9, 0, 9]"
6,"[50, 50, 1, 20, 5, 5]",1777903176,150000,1.447495,9.649968e-06,59,"[0, 0, 0, 0, 0, 0]",125,"[0, 49, 0, 8, 2, 1]"
3,"[100, 500, 2]",1777903177,3000,0.322210,1.074035e-04,499,"[0, 0, 0]",599,"[0, 99, 0]"
4,"[20, 1, 100, 20]",1777903177,8000,0.261311,3.266391e-05,99,"[0, 0, 0, 0]",137,"[0, 0, 19, 18]"
5,"[100, 500, 2, 1, 5]",1777903177,25000,0.898133,3.592533e-05,499,"[0, 0, 0, 0, 0]",603,"[0, 99, 0, 0, 4]"
6,"[10, 50, 10, 2, 10, 20]",1777903177,1200000,1.446097,1.205081e-06,59,"[0, 0, 0, 0, 0, 0]",96,"[0, 9, 8, 1, 8, 7]"
3,"[1000, 50, 5]",1777903178,750,0.492601,6.568012e-04,999,"[0, 0, 0]",1052,"[0, 49, 3]"
4,"[200, 200, 1, 10]",1777903178,8000,0.692631,8.657885e-05,199,"[0, 0, 0, 0]",407,"[0, 199, 0, 8]"
5,"[5, 1, 1, 2, 2]",1777903178,20,0.193399,9.669944e-03,5,"[0, 0, 0, 0, 0]",6,"[0, 0, 0, 0, 1]"
6,"[50, 2, 20, 1, 50, 2]",1777903178,24000,0.461612,1.923381e-05,59,"[0, 0, 0, 0, 10, 0]",119,"[0, 1, 0, 0, 19, 0]"
3,"[10, 1, 20]",1777903179,60,0.201045,3.350753e-03,19,"[0, 0, 0]",28,"[0, 0, 9]"
4,"[20, 2, 200, 2]",1777903179,3200,0.232614,7.269178e-05,199,"[0, 0, 0, 0]",220,"[0, 1, 0, 1]"
5,"[2, 50, 2, 50, 1]",1777903179,25000,0.233384,9.335353e-06,49,"[0, 0, 0, 0, 0]",100,"[0, 1, 0, 1, 0]"
6,"[10, 2, 10, 50, 2, 1]",1777903179,12000,0.242132,2.017769e-05,49,"[0, 0, 0, 0, 0, 0]",69,"[0, 1, 0, 9, 0, 0]"
3,"[20, 500, 10]",1777903180,15000,0.321284,2.141896e-05,499,"[0, 0, 0]",527,"[0, 19, 8]"
4,"[200, 1, 1000, 1]",1777903180,4000,0.465098,1.162744e-04,999,"[0, 0, 0, 0]",1198,"[0, 0, 199, 0]"
5,"[100, 1000, 5, 10, 20]",1777903180,5000000,14.629453,2.925891e-06,999,"[0, 0, 0, 0, 0]",1130,"[0, 99, 3, 2, 11]"
6,"[1, 50, 10, 100, 5, 10]",1777903180,15000000,1.645083,1.096722e-07,99,"[0, 0, 0, 0, 0, 0]",170,"[0, 0, 9, 8, 2, 1]"
3,"[100, 1000, 10]",1777903181,30000,1.345438,4.484792e-05,999,"[0, 0, 0]",1107,"[0, 99, 8]"
4,"[1, 2, 1, 10]",1777903181,80,0.196610,2.457621e-03,9,"[0, 0, 0, 0]",10,"[0, 0, 0, 1]"
5,"[5, 500, 1000, 5, 5]",1777903181,62500000,14.837065,2.373930e-07,999,"[0, 0, 0, 0, 0]",1510,"[0, 4, 3, 2, 1]"
6,"[2, 20, 10, 1, 500, 200]",1777903181,120000000,13.912541,1.159378e-07,599,"[0, 0, 0, 0, 0, 0]",727,"[0, 1, 0, 0, 9, 8]"
3,"[10, 500, 500]",1777903182,750000,2.955616,3.940822e-06,499,"[0, 0, 0]",1007,"[0, 9, 8]"
4,"[10, 2, 2, 100]",1777903182,1600,0.208321,1.302004e-04,99,"[0, 0, 0, 0]",110,"[0, 1, 0, 1]"
5,"[5, 500, 5, 2, 1]",1777903182,25000,0.243367,9.734682e-06,499,"[0, 0, 0, 0, 0]",508,"[0, 4, 3, 1, 0]"
6,"[5, 500, 50, 1, 5, 50]",1777903182,37500000,7.992202,2.131254e-07,499,"[0, 0, 0, 0, 0, 0]",605,"[0, 4, 3, 0, 2, 6]"
3,"[20, 500, 500]",1777903183,750000,5.802577,7.736770e-06,499,"[0, 0, 0]",1017,"[0, 19, 18]"
4,"[2, 20, 1, 500]",1777903183,40000,0.241744,6.043608e-06,499,"[0, 0, 0, 0]",519,"[0, 1, 0, 0]"
5,"[5, 50, 2, 5, 500]",1777903183,1250000,1.842901,1.474321e-06,499,"[0, 0, 0, 0, 0]",557,"[0, 4, 1, 4, 8]"
6,"[100, 1, 100, 5, 1, 20]",1777903183,60000,1.624317,2.707195e-05,99,"[0, 0, 0, 0, 0, 0]",221,"[0, 0, 99, 3, 0, 2]"
3,"[200, 50, 1]",1777903184,150,0.222176,1.481172e-03,199,"[0, 0, 0]",248,"[0, 49, 0]"
4,"[5, 5, 50, 10]",1777903184,10000,0.228805,2.288048e-05,49,"[0, 0, 0, 0]",66,"[0, 4, 3, 2]"
5,"[2, 2, 200, 1, 10]",1777903184,20000,0.221907,1.109534e-05,199,"[0, 0, 0, 0, 0]",210,"[0, 1, 0, 0, 9]"
6,"[2, 10, 2, 500, 20, 5]",1777903184,6000000,3.040585,5.067642e-07,499,"[0, 0, 0, 0, 0, 0]",533,"[0, 1, 0, 1, 0, 4]"
3,"[1000, 50, 50]",1777903185,7500,2.913149,3.884199e-04,999,"[0, 0, 0]",1097,"[0, 49, 48]"
4,"[2, 1000, 2, 1]",1777903185,8000,0.213713,2.671407e-05,999,"[0, 0, 0, 0]",1001,"[0, 1, 0, 0]"
5,"[5, 2, 20, 10, 5]",1777903185,10000,0.234434,2.344339e-05,19,"[0, 0, 0, 0, 0]",37,"[0, 0, 5, 4, 3]"
6,"[100, 5, 50, 20, 2, 2]",1777903185,120000,1.638293,1.365245e-05,99,"[0, 0, 0, 0, 0, 0]",173,"[0, 4, 3, 12, 1, 0]"
3,"[5, 1, 1000]",1777903186,3000,0.215715,7.190511e-05,999,"[0, 0, 0]",1003,"[0, 0, 4]"
4,"[20, 2, 200, 500]",1777903186,800000,4.283759,5.354699e-06,599,"[0, 0, 0, 0]",718,"[0, 1, 0, 99]"
5,"[5, 1000, 100, 50, 2]",1777903186,50000000,14.829243,2.965849e-07,999,"[0, 0, 0, 0, 0]",1152,"[0, 4, 3, 2, 1]"
6,"[2, 200, 2, 2, 50, 1]",1777903186,240000,0.325374,1.355726e-06,199,"[0, 0, 0, 0, 0, 0]",251,"[0, 1, 0, 1, 2, 0]"
3,"[500, 10, 1]",1777903187,30,0.211700,7.056677e-03,499,"[0, 0, 0]",508,"[0, 9, 0]"
4,"[200, 20, 10, 1]",1777903187,800,0.257049,3.213112e-04,199,"[0, 0, 0, 0]",227,"[0, 19, 8, 0]"
5,"[1, 10, 10, 2, 1]",1777903187,1000,0.198446,1.984462e-04,9,"[0, 0, 0, 0, 0]",19,"[0, 0, 9, 0, 0]"
6,"[1, 10, 50, 100, 5, 1]",1777903187,1500000,0.551474,3.676491e-07,99,"[0, 0, 0, 0, 0, 0]",161,"[0, 0, 9, 8, 2, 0]"
3,"[200, 1, 50]",1777903188,150,0.223574,1.490492e-03,199,"[0, 0, 0]",248,"[0, 0, 49]"
4,"[5, 1, 200, 50]",1777903188,40000,0.265992,6.649811e-06,199,"[0, 0, 0, 0]",252,"[0, 0, 4, 3]"
5,"[500, 1, 2, 200, 500]",1777903188,1000000,13.002551,1.300255e-05,599,"[0, 0, 0, 0, 100]",1198,"[0, 0, 1, 0, 199]"
6,"[1, 5, 100, 10, 200, 1]",1777903188,6000000,1.565434,2.609057e-07,199,"[0, 0, 0, 0, 0, 0]",311,"[0, 0, 4, 3, 12, 0]"
3,"[5, 1, 500]",1777903189,1500,0.208581,1.390539e-04,499,"[0, 0, 0]",503,"[0, 0, 4]"
4,"[5, 200, 5, 5]",1777903189,20000,0.242041,1.210207e-05,199,"[0, 0, 0, 0]",211,"[0, 4, 3, 2]"
5,"[500, 1000, 1, 5, 1]",1777903189,25000,3.679553,1.471821e-04,999,"[0, 0, 0, 0, 0]",1502,"[0, 499, 0, 3, 0]"
6,"[50, 20, 1000, 10, 5, 2]",1777903189,12000000,16.421388,1.368449e-06,999,"[0, 0, 0, 0, 0, 0]",1081,"[0, 9, 68, 7, 1, 0]"
3,"[100, 5, 500]",1777903190,7500,0.476357,6.351432e-05,499,"[0, 0, 0]",602,"[0, 4, 3]"
4,"[20, 10, 500, 10]",1777903190,200000,1.386976,6.934880e-06,499,"[0, 0, 0, 0]",536,"[0, 9, 8, 7]"
5,"[1000, 20, 10, 200, 1]",1777903190,200000,14.893681,7.446840e-05,999,"[0, 0, 0, 0, 0]",1226,"[0, 19, 8, 27, 0]"
6,"[10, 5, 20, 500, 2, 1]",1777903190,600000,1.681635,2.802725e-06,499,"[0, 0, 0, 0, 0, 0]",532,"[0, 4, 3, 2, 1, 0]"
3,"[500, 200, 1]",1777903191,600,0.305913,5.098545e-04,599,"[0, 0, 0]",698,"[0, 99, 0]"
4,"[500, 10, 10, 10]",1777903191,4000,0.821320,2.053300e-04,499,"[0, 0, 0, 0]",526,"[0, 9, 8, 7]"
5,"[2, 20, 10, 1000, 100]",1777903191,100000000,14.346985,1.434698e-07,999,"[0, 0, 0, 0, 0]",1127,"[0, 1, 0, 9, 8]"
6,"[2, 200, 2, 2, 5, 200]",1777903191,4800000,2.483559,5.174081e-07,199,"[0, 0, 0, 0, 0, 0]",405,"[0, 1, 0, 1, 2, 6]"
3,"[1000, 2, 100]",1777903192,600,0.432472,7.207864e-04,999,"[0, 0, 0]",1099,"[0, 1, 0]"
4,"[200, 5, 10, 1]",1777903192,200,0.223821,1.119106e-03,199,"[0, 0, 0, 0]",212,"[0, 4, 3, 0]"
5,"[500, 10, 10, 5, 5]",1777903192,12500,1.864025,1.491220e-04,499,"[0, 0, 0, 0, 0]",525,"[0, 9, 8, 2, 1]"
6,"[5, 10, 200, 2, 500, 2]",1777903192,24000000,13.887705,5.786544e-07,599,"[0, 0, 0, 0, 0, 0]",713,"[0, 4, 3, 0, 3, 0]"
3,"[1000, 100, 500]",1777903193,150000,11.862236,7.908157e-05,999,"[0, 0, 0]",1597,"[0, 99, 98]"
4,"[2, 1000, 100, 50]",1777903193,20000000,12.483274,6.241637e-07,999,"[0, 0, 0, 0]",1148,"[0, 1, 0, 49]"
5,"[10, 1, 10, 20, 5]",1777903193,5000,0.232293,4.645865e-05,19,"[0, 0, 0, 0, 0]",41,"[0, 0, 9, 8, 2]"
6,"[2, 5, 20, 10, 100, 2]",1777903193,1200000,0.759262,6.327180e-07,99,"[0, 0, 0, 0, 0, 0]",133,"[0, 0, 9, 8, 17, 0]"
3,"[2, 500, 200]",1777903194,300000,0.397713,1.325710e-06,599,"[0, 0, 0]",699,"[0, 1, 0]"
4,"[50, 10, 1000, 1]",1777903194,40000,0.829681,2.074203e-05,999,"[0, 0, 0, 0]",1057,"[0, 9, 8, 0]"
5,"[500, 200, 1, 100, 10]",1777903194,1000000,12.732667,1.273267e-05,599,"[0, 0, 0, 0, 0]",806,"[0, 99, 0, 98, 7]"
6,"[20, 10, 1, 2, 1000, 50]",1777903194,6000000,15.466829,2.577805e-06,999,"[0, 0, 0, 0, 0, 0]",1077,"[0, 9, 0, 0, 9, 8]"
3,"[1, 100, 10]",1777903195,3000,0.207768,6.925613e-05,99,"[0, 0, 0]",108,"[0, 0, 9]"
4,"[2, 1, 20, 10]",1777903195,800,0.201574,2.519674e-04,19,"[0, 0, 0, 0]",29,"[0, 0, 1, 0]"
5,"[1, 1000, 100, 2, 200]",1777903195,200000000,14.744426,7.372213e-08,999,"[0, 0, 0, 0, 0]",1298,"[0, 0, 99, 0, 99]"
6,"[20, 10, 1, 1, 100, 10]",1777903195,60000,0.488548,8.142469e-06,99,"[0, 0, 0, 0, 0, 0]",136,"[0, 9, 0, 0, 8, 7]"
3,"[5, 100, 2]",1777903196,600,0.199967,3.332791e-04,99,"[0, 0, 0]",104,"[0, 4, 1]"
4,"[1, 100, 1, 100]",1777903196,40000,0.222783,5.569565e-06,99,"[0, 0, 0, 0]",198,"[0, 0, 0, 99]"
5,"[200, 100, 500, 1, 1]",1777903196,250000,12.112149,4.844860e-05,599,"[0, 0, 0, 0, 0]",797,"[0, 99, 98, 0, 0]"
6,"[2, 5, 200, 1, 10, 2]",1777903196,120000,0.272144,2.267868e-06,199,"[0, 0, 0, 0, 0, 0]",214,"[0, 0, 9, 0, 8, 1]"
3,"[500, 5, 1]",1777903197,15,0.209399,1.395996e-02,499,"[0, 0, 0]",503,"[0, 4, 0]"
4,"[1000, 5, 10, 1]",1777903197,200,0.272975,1.364876e-03,999,"[0, 0, 0, 0]",1012,"[0, 4, 3, 0]"
5,"[5, 10, 10, 1000, 200]",1777903197,100000000,14.675695,1.467569e-07,999,"[0, 0, 0, 0, 0]",1220,"[0, 4, 3, 2, 1]"
6,"[10, 2, 100, 500, 1, 50]",1777903197,30000000,8.009675,2.669892e-07,499,"[0, 0, 0, 0, 0, 0]",657,"[0, 1, 0, 99, 0, 48]"
