seeds,num_tasks,per_jitter,final_e2e_max,max_reaction_time,R,exceed,false_percentage,best_merge_pair,finalpercent
1755016037,10,0.0,0.0,754.0,,,0.2,0,0.25
1755016038,10,0.0,4138.0,3487.0,0.8426776220396327,safe,0.2,"(0, 1)",0.25
1755016039,10,0.0,2914.0,2226.0,0.7638984214138641,safe,0.2,"(0, 1)",0.25
1755016040,10,0.0,628.0,503.0,0.8009554140127388,safe,0.2,"(0, 1)",0.25
1755016041,10,0.0,4955.0,4769.0,0.9624621594349142,safe,0.2,"(0, 1)",0.25
1755016042,10,0.0,2745.0,2084.0,0.7591985428051001,safe,0.2,"(7, 8)",0.25
1755016043,10,0.0,0.0,820.0,,,0.2,0,0.25
1755016044,10,0.0,2721.0,2441.0,0.8970966556413084,safe,0.2,"(5, 6)",0.25
1755016045,10,0.0,4220.0,4155.0,0.9845971563981044,safe,0.2,"(0, 1)",0.25
1755016046,10,0.0,3228.0,2262.0,0.7007434944237918,safe,0.2,"(0, 1)",0.25
1755016047,10,0.0,3097.0,2567.0,0.8288666451404585,safe,0.1,"(4, 5)",0.25
1755016048,10,0.0,1111.0,980.0,0.8820882088208821,safe,0.1,"(8, 9)",0.25
1755016049,10,0.0,2455.0,1484.0,0.604480651731161,safe,0.1,"(1, 2)",0.25
1755016050,10,0.0,4585.0,4493.0,0.9799345692475464,safe,0.1,"(0, 1)",0.25
1755016051,10,0.0,2674.0,2248.0,0.8406881077038145,safe,0.1,"(0, 1)",0.25
1755016052,10,0.0,0.0,883.0,,,0.1,0,0.25
1755016053,10,0.0,2767.0,2467.0,0.8915793277918324,safe,0.1,"(5, 6)",0.25
1755016054,10,0.0,3743.0,3607.0,0.96366550895004,safe,0.1,"(5, 6)",0.25
1755016055,10,0.0,2870.0,2127.0,0.7411149825783973,safe,0.1,"(0, 1)",0.25
1755016056,10,0.0,2758.0,2132.0,0.7730239303843365,safe,0.1,"(4, 5)",0.25
1755016057,10,0.0,3315.0,2387.0,0.7200603318250377,safe,0.1,"(0, 1)",0.25
1755016058,10,0.0,4273.0,3840.0,0.898666042593026,safe,0.1,"(0, 1)",0.25
1755016059,10,0.0,2926.0,2708.0,0.9254955570745044,safe,0.1,"(0, 1)",0.25
1755016060,10,0.0,4406.0,4233.0,0.9607353608715388,safe,0.1,"(0, 1)",0.25
1755016061,10,0.0,4208.0,3730.0,0.8864068441064639,safe,0.1,"(5, 6)",0.25
1755016062,10,0.0,560.0,559.0,0.9982142857142856,safe,0.1,"(0, 1)",0.25
1755016063,10,0.0,0.0,4297.0,,,0.1,0,0.25
1755016064,10,0.0,4426.0,3416.0,0.771802982376864,safe,0.1,"(0, 1)",0.25
1755016065,10,0.0,2889.0,2251.0,0.7791623399100035,safe,0.1,"(1, 2)",0.25
1755016066,10,0.0,2534.0,2442.0,0.9636937647987373,safe,0.1,"(7, 8)",0.25
1755016067,10,0.0,0.0,2036.0,,,0.4,0,0.25
1755016068,10,0.0,2706.0,1836.0,0.6784922394678492,safe,0.4,"(4, 5)",0.25
1755016069,10,0.0,0.0,5738.0,,,0.4,0,0.25
1755016070,10,0.0,2916.0,2269.0,0.7781207133058985,safe,0.4,"(0, 1)",0.25
1755016071,10,0.0,0.0,4796.0,,,0.4,0,0.25
1755016072,10,0.0,2218.0,1463.0,0.6596032461677187,safe,0.4,"(0, 1)",0.25
1755016073,10,0.0,2388.0,2228.0,0.932998324958124,safe,0.4,"(0, 1)",0.25
1755016074,10,0.0,948.0,777.0,0.819620253164557,safe,0.4,"(8, 9)",0.25
1755016075,10,0.0,3380.0,2801.0,0.828698224852071,safe,0.4,"(0, 1)",0.25
1755016076,10,0.0,0.0,897.0,,,0.4,0,0.25
1755016077,10,0.0,0.0,2877.0,,,0.3,0,0.25
1755016078,10,0.0,0.0,3617.0,,,0.3,0,0.25
1755016079,10,0.0,2964.0,1816.0,0.6126855600539811,safe,0.3,"(0, 1)",0.25
1755016080,10,0.0,2719.0,2320.0,0.8532548731151158,safe,0.3,"(6, 7)",0.25
1755016081,10,0.0,5538.0,5531.0,0.9987360057782592,safe,0.3,"(0, 1)",0.25
1755016082,10,0.0,2406.0,2123.0,0.8823773898586866,safe,0.3,"(4, 5)",0.25
1755016083,10,0.0,5288.0,4585.0,0.8670574886535553,safe,0.3,"(0, 1)",0.25
1755016084,10,0.0,3542.0,3010.0,0.849802371541502,safe,0.3,"(5, 6)",0.25
1755016085,10,0.0,3269.0,3061.0,0.9363719791985315,safe,0.3,"(1, 2)",0.25
1755016086,10,0.0,0.0,5606.0,,,0.3,0,0.25
1755016087,10,0.0,3540.0,3383.0,0.9556497175141244,safe,0.2,"(7, 8)",0.25
1755016088,10,0.0,0.0,2113.0,,,0.2,0,0.25
1755016089,10,0.0,0.0,734.0,,,0.2,0,0.25
1755016090,10,0.0,2524.0,1761.0,0.6977020602218701,safe,0.2,"(0, 1)",0.25
1755016091,10,0.0,2280.0,2160.0,0.9473684210526316,safe,0.2,"(5, 6)",0.25
1755016092,10,0.0,1030.0,968.0,0.9398058252427184,safe,0.2,"(3, 4)",0.25
1755016093,10,0.0,2794.0,2501.0,0.8951324266284896,safe,0.2,"(6, 7)",0.25
1755016094,10,0.0,562.0,530.0,0.9430604982206404,safe,0.2,"(4, 5)",0.25
1755016095,10,0.0,836.0,788.0,0.9425837320574164,safe,0.2,"(6, 7)",0.25
1755016096,10,0.0,894.0,850.0,0.9507829977628636,safe,0.2,"(8, 9)",0.25
1755016097,10,0.0,0.0,1003.0,,,0.3,0,0.25
1755016098,10,0.0,5722.0,5641.0,0.9858441104508912,safe,0.3,"(0, 1)",0.25
1755016099,10,0.0,0.0,513.0,,,0.3,0,0.25
1755016100,10,0.0,3226.0,2448.0,0.7588344699318041,safe,0.3,"(3, 4)",0.25
1755016101,10,0.0,2876.0,1669.0,0.5803198887343533,safe,0.3,"(5, 6)",0.25
1755016102,10,0.0,0.0,705.0,,,0.3,0,0.25
1755016103,10,0.0,2325.0,1827.0,0.7858064516129032,safe,0.3,"(6, 7)",0.25
1755016104,10,0.0,1224.0,1101.0,0.8995098039215687,safe,0.3,"(0, 1)",0.25
1755016105,10,0.0,3882.0,3882.0,1.0,safe,0.3,"(5, 6)",0.25
1755016106,10,0.0,4195.0,4161.0,0.9918951132300358,safe,0.3,"(0, 1)",0.25
1755016107,10,0.0,0.0,2971.0,,,0.2,0,0.25
1755016108,10,0.0,4486.0,3915.0,0.8727151136870263,safe,0.2,"(0, 1)",0.25
1755016109,10,0.0,729.0,606.0,0.831275720164609,safe,0.2,"(0, 1)",0.25
1755016110,10,0.0,4775.0,4166.0,0.8724607329842932,safe,0.2,"(0, 1)",0.25
1755016111,10,0.0,0.0,646.0,,,0.2,0,0.25
1755016112,10,0.0,5201.0,4386.0,0.8432993655066333,safe,0.2,"(0, 1)",0.25
1755016113,10,0.0,2701.0,2036.0,0.7537948907811921,safe,0.2,"(4, 5)",0.25
1755016114,10,0.0,1161.0,982.0,0.8458225667527993,safe,0.2,"(0, 1)",0.25
1755016115,10,0.0,471.0,415.0,0.881104033970276,safe,0.2,"(0, 1)",0.25
1755016116,10,0.0,896.0,774.0,0.8638392857142857,safe,0.2,"(0, 1)",0.25
1755016117,10,0.0,411.0,336.0,0.8175182481751825,safe,0.3,"(0, 1)",0.25
1755016118,10,0.0,994.0,792.0,0.7967806841046278,safe,0.3,"(3, 4)",0.25
1755016119,10,0.0,0.0,871.0,,,0.3,0,0.25
1755016120,10,0.0,0.0,743.0,,,0.3,0,0.25
1755016121,10,0.0,2470.0,2159.0,0.874089068825911,safe,0.3,"(7, 8)",0.25
1755016122,10,0.0,2696.0,1842.0,0.6832344213649851,safe,0.3,"(4, 5)",0.25
1755016123,10,0.0,1361.0,1264.0,0.928728875826598,safe,0.3,"(0, 1)",0.25
1755016124,10,0.0,0.0,5697.0,,,0.3,0,0.25
1755016125,10,0.0,3565.0,3248.0,0.9110799438990184,safe,0.3,"(0, 1)",0.25
1755016126,10,0.0,3746.0,3026.0,0.807794981313401,safe,0.3,"(0, 1)",0.25
1755016127,10,0.0,2689.0,1988.0,0.7393082930457419,safe,0.4,"(2, 3)",0.25
1755016128,10,0.0,0.0,1044.0,,,0.4,0,0.25
1755016129,10,0.0,0.0,707.0,,,0.4,0,0.25
1755016130,10,0.0,4683.0,4394.0,0.9382874225923552,safe,0.4,"(0, 1)",0.25
1755016131,10,0.0,0.0,3201.0,,,0.4,0,0.25
1755016132,10,0.0,3772.0,3743.0,0.9923117709437964,safe,0.4,"(8, 9)",0.25
1755016133,10,0.0,1099.0,968.0,0.8808007279344859,safe,0.4,"(6, 7)",0.25
1755016134,10,0.0,0.0,2258.0,,,0.4,0,0.25
1755016135,10,0.0,906.0,682.0,0.7527593818984547,safe,0.4,"(8, 9)",0.25
1755016136,10,0.0,258.0,214.0,0.8294573643410853,safe,0.4,"(0, 1)",0.25
1755016037,10,0.02,0.0,804.013050565467,,,0.3,0,0.27
1755016038,10,0.02,4165.2,4037.2304393748072,0.9692764907747063,safe,0.3,"(5, 6)",0.27
1755016039,10,0.02,2943.14,2666.3394280206776,0.905950592911203,safe,0.3,"(0, 1)",0.27
1755016040,10,0.02,633.12,533.928973604869,0.8433298167880797,safe,0.3,"(0, 1)",0.27
1755016041,10,0.02,4978.599999999999,4890.8341154883165,0.9823713725722728,safe,0.3,"(0, 1)",0.27
1755016042,10,0.02,2772.3,2579.0074087152,0.9302771737240556,safe,0.3,"(7, 8)",0.27
1755016043,10,0.02,0.0,920.9015522661994,,,0.3,0,0.27
1755016044,10,0.02,2748.0200000000004,2551.281265662061,0.9284070951674516,safe,0.3,"(5, 6)",0.27
1755016045,10,0.02,4243.200000000001,4155.674938888813,0.9793728645571296,safe,0.3,"(7, 8)",0.27
1755016046,10,0.02,0.0,3181.3188903478003,,,0.3,0,0.27
1755016047,10,0.02,3128.98,2970.992052047688,0.9495081630587884,safe,0.1,"(0, 1)",0.27
1755016048,10,0.02,1117.92,1084.028998015896,0.9696838754256976,safe,0.1,"(0, 1)",0.27
1755016049,10,0.02,2480.5600000000004,2293.871853796426,0.924739515994947,safe,0.1,"(0, 1)",0.27
1755016050,10,0.02,4609.3,4528.945722317299,0.982566923896752,safe,0.1,"(0, 1)",0.27
1755016051,10,0.02,2700.74,2608.0738974008623,0.9656886251178796,safe,0.1,"(5, 6)",0.27
1755016052,10,0.02,0.0,883.0943857510465,,,0.1,0,0.27
1755016053,10,0.02,2795.68,2667.837257886305,0.9542713250036864,safe,0.1,"(3, 4)",0.27
1755016054,10,0.02,3768.000000000001,3628.013382659078,0.9628485622768252,safe,0.1,"(5, 6)",0.27
1755016055,10,0.02,2898.7,2661.5193858415346,0.9181769020048762,safe,0.1,"(0, 1)",0.27
1755016056,10,0.02,2791.64,2724.2242797306667,0.9758508545982528,safe,0.1,"(1, 2)",0.27
1755016057,10,0.02,3347.9999999999995,3039.498894666085,0.9078551059337172,safe,0.1,"(0, 1)",0.27
1755016058,10,0.02,4297.4,4118.3250834785895,0.9583294744446852,safe,0.1,"(0, 1)",0.27
1755016059,10,0.02,2955.26,2708.8832792438334,0.9166311184951014,safe,0.1,"(5, 6)",0.27
1755016060,10,0.02,4431.6,4280.750404815732,0.965960466832686,safe,0.1,"(0, 1)",0.27
1755016061,10,0.02,4235.599999999999,4030.130292006447,0.9514898224587892,safe,0.1,"(5, 6)",0.27
1755016062,10,0.02,562.0199999999999,560.9982193482865,0.9981819496606644,safe,0.1,"(0, 1)",0.27
1755016063,10,0.02,0.0,5090.873026127792,,,0.1,0,0.27
1755016064,10,0.02,4452.7,4348.016363634454,0.9764898519178148,safe,0.1,"(8, 9)",0.27
1755016065,10,0.02,2917.24,2651.957850924926,0.909063995737384,safe,0.1,"(1, 2)",0.27
1755016066,10,0.02,2558.58,2442.069163704873,0.9544626955986808,safe,0.1,"(7, 8)",0.27
1755016067,10,0.02,0.0,2301.755006969212,,,0.4,0,0.27
1755016068,10,0.02,2733.06,2562.8412605952926,0.9377186232996322,safe,0.4,"(4, 5)",0.27
1755016069,10,0.02,0.0,6343.33988288837,,,0.4,0,0.27
1755016070,10,0.02,2945.16,2752.4435571007107,0.9345650345314722,safe,0.4,"(6, 7)",0.27
1755016071,10,0.02,0.0,4846.966892512864,,,0.4,0,0.27
1755016072,10,0.02,2240.1800000000003,2203.987177374144,0.9838437881661932,safe,0.4,"(0, 1)",0.27
1755016073,10,0.02,2411.88,2328.737329549156,0.965527857749621,safe,0.4,"(4, 5)",0.27
1755016074,10,0.02,953.8,882.091895827215,0.9248185110371304,safe,0.4,"(8, 9)",0.27
1755016075,10,0.02,3413.8,3150.9789213651634,0.9230121627995674,safe,0.4,"(0, 1)",0.27
1755016076,10,0.02,0.0,1005.7847264620108,,,0.4,0,0.27
1755016077,10,0.02,0.0,3093.3753499777195,,,0.3,0,0.27
1755016078,10,0.02,0.0,3667.7881029869313,,,0.3,0,0.27
1755016079,10,0.02,2991.3,2756.12874372388,0.9213815878460468,safe,0.3,"(0, 1)",0.27
1755016080,10,0.02,2747.2000000000003,2625.7154744161235,0.9557787836401148,safe,0.3,"(5, 6)",0.27
1755016081,10,0.02,5558.3,5554.471947656712,0.9993112908005526,safe,0.3,"(8, 9)",0.27
1755016082,10,0.02,2430.06,2279.9586264030486,0.9382314125589692,safe,0.3,"(4, 5)",0.27
1755016083,10,0.02,5312.12,5278.431485605952,0.9936581789579212,safe,0.3,"(0, 1)",0.27
1755016084,10,0.02,3577.42,3290.925584595472,0.9199159127515004,safe,0.3,"(5, 6)",0.27
1755016085,10,0.02,3300.84,3062.7706735077954,0.9278761386519176,safe,0.3,"(1, 2)",0.27
1755016086,10,0.02,0.0,6623.034141326098,,,0.3,0,0.27
1755016087,10,0.02,3563.7999999999984,3474.866058241879,0.975045192839632,safe,0.2,"(6, 7)",0.27
1755016088,10,0.02,0.0,2814.847540012081,,,0.2,0,0.27
1755016089,10,0.02,0.0,734.3561780423188,,,0.2,0,0.27
1755016090,10,0.02,2549.24,2436.776309520161,0.9558834435047942,safe,0.2,"(6, 7)",0.27
1755016091,10,0.02,2312.9000000000005,2230.138876825178,0.9642175955835436,safe,0.2,"(0, 1)",0.27
1755016092,10,0.02,1037.48,970.008460145269,0.9349659368327766,safe,0.2,"(3, 4)",0.27
1755016093,10,0.02,2819.64,2703.002986944029,0.958634076316136,safe,0.2,"(6, 7)",0.27
1755016094,10,0.02,574.5200000000002,550.1526309000183,0.9575865607812052,safe,0.2,"(5, 6)",0.27
1755016095,10,0.02,846.6400000000001,794.0112717236289,0.9378381268586752,safe,0.2,"(8, 9)",0.27
1755016096,10,0.02,898.4800000000001,852.0283569469029,0.9482997472919852,safe,0.2,"(2, 3)",0.27
1755016097,10,0.02,0.0,1006.8564877120994,,,0.4,0,0.27
1755016098,10,0.02,5746.8,5691.281083133366,0.9903391597294784,safe,0.4,"(0, 1)",0.27
1755016099,10,0.02,0.0,539.9776920301388,,,0.4,0,0.27
1755016100,10,0.02,0.0,2901.779816687398,,,0.4,0,0.27
1755016101,10,0.02,2904.7,2674.0731993113823,0.9206021962031818,safe,0.4,"(5, 6)",0.27
1755016102,10,0.02,0.0,715.022248668276,,,0.4,0,0.27
1755016103,10,0.02,2347.66,2301.9471406978946,0.9805283306347148,safe,0.4,"(6, 7)",0.27
1755016104,10,0.02,1232.3,1179.0729382724403,0.9568067339709816,safe,0.4,"(1, 2)",0.27
1755016105,10,0.02,3902.0,3900.322511668783,0.9995700952508412,safe,0.4,"(5, 6)",0.27
1755016106,10,0.02,4216.4,4161.061691350071,0.9868754604283444,safe,0.4,"(7, 8)",0.27
1755016107,10,0.02,0.0,3221.8256863386778,,,0.2,0,0.27
1755016108,10,0.02,4514.1,4333.999222381852,0.960102616774518,safe,0.2,"(0, 1)",0.27
1755016109,10,0.02,733.7,729.9455087265651,0.9948827977737018,safe,0.2,"(0, 1)",0.27
1755016110,10,0.02,4808.52,4166.151487242049,0.8664103481408103,safe,0.2,"(7, 8)",0.27
1755016111,10,0.02,0.0,827.9150573605091,,,0.2,0,0.27
1755016112,10,0.02,5225.32,5052.854158663294,0.9669942048837764,safe,0.2,"(0, 1)",0.27
1755016113,10,0.02,2727.26,2536.0774886767977,0.929899418712113,safe,0.2,"(4, 5)",0.27
1755016114,10,0.02,1170.24,1044.0256747134408,0.8921466320698667,safe,0.2,"(0, 1)",0.27
1755016115,10,0.02,473.72,460.981037914491,0.973108667386834,safe,0.2,"(0, 1)",0.27
1755016116,10,0.02,904.96,835.0131168747575,0.9227072101250414,safe,0.2,"(8, 9)",0.27
1755016117,10,0.02,414.98,366.2980177620125,0.8826883651308797,safe,0.3,"(8, 9)",0.27
1755016118,10,0.02,1002.52,892.0704696813264,0.889828102862114,safe,0.3,"(3, 4)",0.27
1755016119,10,0.02,0.0,1034.8043293842602,,,0.3,0,0.27
1755016120,10,0.02,0.0,844.009074905327,,,0.3,0,0.27
1755016121,10,0.02,2494.7000000000003,2359.2792423642504,0.9457166161719848,safe,0.3,"(7, 8)",0.27
1755016122,10,0.02,2722.1000000000004,2651.987802476145,0.9742433424474284,safe,0.3,"(4, 5)",0.27
1755016123,10,0.02,1366.44,1338.9142986060951,0.9798559019101424,safe,0.3,"(0, 1)",0.27
1755016124,10,0.02,0.0,5716.69325372437,,,0.3,0,0.27
1755016125,10,0.02,3586.0,3567.209731945335,0.99476010372151,safe,0.3,"(0, 1)",0.27
1755016126,10,0.02,3766.12,3746.06844304683,0.9946758050850292,safe,0.3,"(0, 1)",0.27
1755016127,10,0.02,2715.7800000000007,2467.9138349389905,0.9087311324698576,safe,0.4,"(2, 3)",0.27
1755016128,10,0.02,0.0,1174.340553811382,,,0.4,0,0.27
1755016129,10,0.02,0.0,866.9166546774723,,,0.4,0,0.27
1755016130,10,0.02,4711.1,4655.8062323395225,0.9882630876736902,safe,0.4,"(0, 1)",0.27
1755016131,10,0.02,0.0,3493.995612251543,,,0.4,0,0.27
1755016132,10,0.02,3794.879999999999,3766.9933712603297,0.9926515123693846,safe,0.4,"(0, 1)",0.27
1755016133,10,0.02,1108.2400000000002,968.8632660321456,0.8742359651629117,safe,0.4,"(6, 7)",0.27
1755016134,10,0.02,0.0,2378.948673022169,,,0.4,0,0.27
1755016135,10,0.02,911.6600000000002,871.9821634614864,0.9564773747466008,safe,0.4,"(8, 9)",0.27
1755016136,10,0.02,260.2,236.03463418822503,0.907127725550442,safe,0.4,"(5, 6)",0.27
1755016037,10,0.05,0.0,804.1829055505223,,,0.3,0,0.35
1755016038,10,0.05,4206.0,4037.367303783504,0.9599066342804335,safe,0.3,"(0, 1)",0.35
1755016039,10,0.05,2986.85,2706.182966677042,0.906032431048443,safe,0.3,"(8, 9)",0.35
1755016040,10,0.05,640.8,535.3282170998377,0.8354060816164759,safe,0.3,"(0, 1)",0.35
1755016041,10,0.05,5014.0,4872.923888474241,0.9718635597276108,safe,0.3,"(0, 1)",0.35
1755016042,10,0.05,2813.25,2599.017630175066,0.923848797716188,safe,0.3,"(7, 8)",0.35
1755016043,10,0.05,0.0,922.3632226381887,,,0.3,0,0.35
1755016044,10,0.05,2788.55,2561.600678379344,0.9186138596687684,safe,0.3,"(5, 6)",0.35
1755016045,10,0.05,4278.0,4249.442423629458,0.9933245497030057,safe,0.3,"(0, 1)",0.35
1755016046,10,0.05,0.0,3207.799486131189,,,0.3,0,0.35
1755016047,10,0.05,3175.45,2976.213256352814,0.9372571624030654,safe,0.1,"(8, 9)",0.35
1755016048,10,0.05,1125.3,1104.0567118066,0.981122111265085,safe,0.1,"(7, 8)",0.35
1755016049,10,0.05,2517.4,2474.1426470033894,0.9828166548833674,safe,0.1,"(0, 1)",0.35
1755016050,10,0.05,4645.75,4534.366018619313,0.9760245425645616,safe,0.1,"(0, 1)",0.35
1755016051,10,0.05,2740.85,2608.0341438420783,0.9515420923589684,safe,0.1,"(6, 7)",0.35
1755016052,10,0.05,0.0,883.1431633753527,,,0.1,0,0.35
1755016053,10,0.05,2837.2,2719.20354446047,0.9584109489850804,safe,0.1,"(4, 5)",0.35
1755016054,10,0.05,3805.5,3629.7297336115207,0.9538115184894288,safe,0.1,"(5, 6)",0.35
1755016055,10,0.05,2941.75,2870.06075852052,0.9756304099670332,safe,0.1,"(0, 1)",0.35
1755016056,10,0.05,2833.1,2730.319544754658,0.9637215575710912,safe,0.1,"(1, 2)",0.35
1755016057,10,0.05,3397.5,3034.3221664946323,0.8931043904325628,safe,0.2,"(0, 1)",0.35
1755016058,10,0.05,4334.0,4148.235678575125,0.9571379046089352,safe,0.2,"(0, 1)",0.35
1755016059,10,0.05,2999.1500000000005,2909.5314535379875,0.970118684806691,safe,0.2,"(0, 1)",0.35
1755016060,10,0.05,4470.0,4300.927656933703,0.9621762096048552,safe,0.2,"(0, 1)",0.35
1755016061,10,0.05,4279.0,4039.560711860802,0.9440431670625852,safe,0.2,"(0, 1)",0.35
1755016062,10,0.05,0.0,564.0220731430745,,,0.2,0,0.35
1755016063,10,0.05,0.0,5293.290621505012,,,0.2,0,0.35
1755016064,10,0.05,4492.75,4351.814018448818,0.968630353001796,safe,0.2,"(0, 1)",0.35
1755016065,10,0.05,2959.6000000000004,2653.011296746874,0.8964087365680746,safe,0.2,"(1, 2)",0.35
1755016066,10,0.05,2595.4500000000003,2442.1781839714968,0.940945956952165,safe,0.2,"(7, 8)",0.35
1755016067,10,0.05,0.0,2316.231053085848,,,0.4,0,0.35
1755016068,10,0.05,2773.65,2565.1185708391586,0.9248169635098727,safe,0.4,"(4, 5)",0.35
1755016069,10,0.05,0.0,6498.8288760503,,,0.4,0,0.35
1755016070,10,0.05,2988.9,2747.5350982993714,0.9192462438687716,safe,0.4,"(0, 1)",0.35
1755016071,10,0.05,0.0,4847.787043236691,,,0.4,0,0.35
1755016072,10,0.05,2273.4500000000003,2203.934721985959,0.9694230011594532,safe,0.4,"(0, 1)",0.35
1755016073,10,0.05,2447.7000000000003,2330.001174630597,0.9519145216450532,safe,0.4,"(0, 1)",0.35
1755016074,10,0.05,962.5,882.1631265491233,0.9165331184925956,safe,0.4,"(8, 9)",0.35
1755016075,10,0.05,3464.5,3151.134751873584,0.9095496469544188,safe,0.4,"(0, 1)",0.35
1755016076,10,0.05,0.0,1011.4482912712776,,,0.4,0,0.35
1755016077,10,0.05,0.0,3120.509288096572,,,0.3,0,0.35
1755016078,10,0.05,0.0,3718.383161226986,,,0.3,0,0.35
1755016079,10,0.05,3032.25,2781.4350313974096,0.917284205259266,safe,0.3,"(0, 1)",0.35
1755016080,10,0.05,2787.999999999999,2726.1908389660493,0.9778302865731888,safe,0.3,"(5, 6)",0.35
1755016081,10,0.05,5588.75,5585.531961862231,0.9994241935785696,safe,0.3,"(0, 1)",0.35
1755016082,10,0.05,2466.15,2381.9245249580963,0.9658473835565948,safe,0.3,"(4, 5)",0.35
1755016083,10,0.05,5348.3,5282.650922004862,0.9877252439101886,safe,0.3,"(0, 1)",0.35
1755016084,10,0.05,3630.55,3296.100724566212,0.9078791710804732,safe,0.3,"(5, 6)",0.35
1755016085,10,0.05,3348.6,3065.285223803716,0.9153930668947368,safe,0.3,"(1, 2)",0.35
1755016086,10,0.05,0.0,6655.442959636697,,,0.3,0,0.35
1755016087,10,0.05,3597.9999999999995,3495.052299349564,0.9713875206641368,safe,0.3,"(0, 1)",0.35
1755016088,10,0.05,0.0,2913.4871433803164,,,0.3,0,0.35
1755016089,10,0.05,0.0,774.7990105585923,,,0.3,0,0.35
1755016090,10,0.05,2587.1000000000004,2442.823575716212,0.9442323743636548,safe,0.3,"(0, 1)",0.35
1755016091,10,0.05,2347.2499999999995,2240.17131945384,0.9543812203445904,safe,0.3,"(1, 2)",0.35
1755016092,10,0.05,1051.9499999999998,972.0485692990478,0.9240444596217008,safe,0.3,"(8, 9)",0.35
1755016093,10,0.05,2858.1000000000004,2707.0179876693765,0.9471390041179022,safe,0.3,"(6, 7)",0.35
1755016094,10,0.05,582.8,550.4499112458288,0.944491954780077,safe,0.3,"(5, 6)",0.35
1755016095,10,0.05,856.6,803.966914372053,0.9385558187859596,safe,0.3,"(8, 9)",0.35
1755016096,10,0.05,0.0,854.0402212900954,,,0.3,0,0.35
1755016097,10,0.05,0.0,1012.475131586718,,,0.6,0,0.35
1755016098,10,0.05,5784.0,5701.450195309537,0.9857279037533776,safe,0.6,"(0, 1)",0.35
1755016099,10,0.05,0.0,588.175972811302,,,0.6,0,0.35
1755016100,10,0.05,0.0,2906.803828731296,,,0.6,0,0.35
1755016101,10,0.05,2947.75,2683.929214879213,0.9105009634057206,safe,0.6,"(5, 6)",0.35
1755016102,10,0.05,0.0,720.98063119773,,,0.6,0,0.35
1755016103,10,0.05,2381.65,2311.985853696442,0.9707496289112348,safe,0.6,"(6, 7)",0.35
1755016104,10,0.05,0.0,1269.3804743188102,,,0.6,0,0.35
1755016105,10,0.05,0.0,3930.491913554724,,,0.6,0,0.35
1755016106,10,0.05,4248.5,4211.112092098105,0.9911997392251628,safe,0.6,"(1, 2)",0.35
1755016107,10,0.05,0.0,3223.0807275552943,,,0.5,0,0.35
1755016108,10,0.05,0.0,4446.695931226546,,,0.5,0,0.35
1755016109,10,0.05,0.0,733.9791413546991,,,0.5,0,0.35
1755016110,10,0.05,4858.8,4504.021877696351,0.926982357309696,safe,0.5,"(0, 1)",0.35
1755016111,10,0.05,0.0,828.4156213994902,,,0.5,0,0.35
1755016112,10,0.05,5261.8,5152.8812668929695,0.9793001001354992,safe,0.5,"(0, 1)",0.35
1755016113,10,0.05,2766.65,2639.648964883396,0.9540957348719196,safe,0.5,"(4, 5)",0.35
1755016114,10,0.05,1184.1,1044.0223000901533,0.8817011232920812,safe,0.5,"(0, 1)",0.35
1755016115,10,0.05,477.8,461.0338324837894,0.9649096535868342,safe,0.5,"(8, 9)",0.35
1755016116,10,0.05,0.0,835.0135354256536,,,0.5,0,0.35
1755016117,10,0.05,420.94999999999993,366.8271872277546,0.8714269799922905,safe,0.4,"(2, 3)",0.35
1755016118,10,0.05,0.0,902.1926534444136,,,0.4,0,0.35
1755016119,10,0.05,0.0,1040.843446764773,,,0.4,0,0.35
1755016120,10,0.05,0.0,854.0141534818213,,,0.4,0,0.35
1755016121,10,0.05,2531.75,2379.431832234558,0.939836805464425,safe,0.4,"(7, 8)",0.35
1755016122,10,0.05,2761.25,2658.7915368034683,0.962894173582062,safe,0.4,"(4, 5)",0.35
1755016123,10,0.05,1374.6,1340.4449111028596,0.9751527070441288,safe,0.4,"(0, 1)",0.35
1755016124,10,0.05,0.0,5744.499164835899,,,0.4,0,0.35
1755016125,10,0.05,3617.5,3594.7610593989084,0.9937141836624488,safe,0.4,"(0, 1)",0.35
1755016126,10,0.05,3796.3,3767.0518786156913,0.9922956243225486,safe,0.4,"(0, 1)",0.35
1755016127,10,0.05,2755.9500000000003,2667.309487662751,0.9678366761598544,safe,0.4,"(2, 3)",0.35
1755016128,10,0.05,0.0,1174.9315683118048,,,0.4,0,0.35
1755016129,10,0.05,0.0,866.9541127600285,,,0.4,0,0.35
1755016130,10,0.05,4753.25,4656.678717108962,0.9796831046355572,safe,0.4,"(0, 1)",0.35
1755016131,10,0.05,0.0,4493.013893606869,,,0.4,0,0.35
1755016132,10,0.05,3826.2000000000007,3804.401955630634,0.994302952179874,safe,0.4,"(0, 1)",0.35
1755016133,10,0.05,1122.1,970.1127918451384,0.8645511022592803,safe,0.4,"(6, 7)",0.35
1755016134,10,0.05,0.0,2406.424781083083,,,0.4,0,0.35
1755016135,10,0.05,920.15,891.9775599131942,0.9693827744532894,safe,0.4,"(8, 9)",0.35
1755016136,10,0.05,263.5,236.09669864825355,0.896002651416522,safe,0.4,"(7, 8)",0.35
1755016037,10,0.1,0.0,1008.021471081942,,,0.4,0,0.45
1755016038,10,0.1,4274.0,4038.0889480107535,0.9448032166613838,safe,0.4,"(0, 1)",0.45
1755016039,10,0.1,3059.7000000000003,2747.1955358777377,0.8978643448304532,safe,0.4,"(6, 7)",0.45
1755016040,10,0.1,0.0,650.724373720785,,,0.4,0,0.45
1755016041,10,0.1,5073.0,4969.8971715254265,0.9796761623349944,safe,0.4,"(0, 1)",0.45
1755016042,10,0.1,2881.5,2654.0311730747844,0.9210588835935396,safe,0.4,"(7, 8)",0.45
1755016043,10,0.1,0.0,924.2004691569508,,,0.4,0,0.45
1755016044,10,0.1,2858.1000000000004,2700.738413577328,0.9449418892191764,safe,0.4,"(0, 1)",0.45
1755016045,10,0.1,4336.0,4257.908464465756,0.9819899595170102,safe,0.4,"(0, 1)",0.45
1755016046,10,0.1,0.0,3253.366353031048,,,0.4,0,0.45
1755016047,10,0.1,3252.9000000000005,2984.827658340182,0.9175897378770272,safe,0.3,"(0, 1)",0.45
1755016048,10,0.1,1137.6,1103.8791058989373,0.9703578638352122,safe,0.3,"(7, 8)",0.45
1755016049,10,0.1,2578.8,2493.6627242812538,0.9669857004347966,safe,0.3,"(0, 1)",0.45
1755016050,10,0.1,0.0,4521.669386917645,,,0.3,0,0.45
1755016051,10,0.1,2807.7,2609.749213652548,0.9294971733634464,safe,0.3,"(0, 1)",0.45
1755016052,10,0.1,0.0,1102.9951176223367,,,0.3,0,0.45
1755016053,10,0.1,2906.4,2721.197619300103,0.936277738542562,safe,0.3,"(0, 1)",0.45
1755016054,10,0.1,0.0,4712.211695220828,,,0.3,0,0.45
1755016055,10,0.1,3013.5,2871.4685317121275,0.9528682700222756,safe,0.3,"(0, 1)",0.45
1755016056,10,0.1,2902.2,2772.9539240242634,0.9554661718779766,safe,0.3,"(1, 2)",0.45
1755016057,10,0.1,3480.0,3035.97642726683,0.8724070193295488,safe,0.2,"(0, 1)",0.45
1755016058,10,0.1,4395.0,4175.819608967929,0.9501296038607346,safe,0.2,"(0, 1)",0.45
1755016059,10,0.1,3072.3,2909.392075279728,0.946975254786228,safe,0.2,"(7, 8)",0.45
1755016060,10,0.1,4534.0,4347.250197277403,0.9588112477453468,safe,0.2,"(0, 1)",0.45
1755016061,10,0.1,4349.0,4247.823455283084,0.976735676082567,safe,0.2,"(0, 1)",0.45
1755016062,10,0.1,0.0,568.5689413029286,,,0.2,0,0.45
1755016063,10,0.1,0.0,5293.2821763713455,,,0.2,0,0.45
1755016064,10,0.1,4559.5,4341.158404341876,0.952112820340361,safe,0.2,"(0, 1)",0.45
1755016065,10,0.1,3030.2,2705.3323346405973,0.8927900252922572,safe,0.2,"(1, 2)",0.45
1755016066,10,0.1,2656.9,2544.2655376214534,0.9576068115553666,safe,0.2,"(7, 8)",0.45
1755016067,10,0.1,0.0,2454.807407731121,,,0.5,0,0.45
1755016068,10,0.1,2841.3,2647.914462764363,0.9319376562715528,safe,0.5,"(4, 5)",0.45
1755016069,10,0.1,0.0,6524.2838812942855,,,0.5,0,0.45
1755016070,10,0.1,3061.8,2819.0647620728632,0.9207213933218577,safe,0.5,"(0, 1)",0.45
1755016071,10,0.1,0.0,5894.972787899431,,,0.5,0,0.45
1755016072,10,0.1,2328.9,2222.275336933999,0.954216727611318,safe,0.5,"(0, 1)",0.45
1755016073,10,0.1,2507.4,2331.6170287720743,0.9298943243088754,safe,0.5,"(8, 9)",0.45
1755016074,10,0.1,977.0,941.7766359526476,0.963947426768319,safe,0.5,"(8, 9)",0.45
1755016075,10,0.1,0.0,3280.9829619058364,,,0.5,0,0.45
1755016076,10,0.1,0.0,1016.8592214682312,,,0.5,0,0.45
1755016077,10,0.1,0.0,3135.3839305466045,,,0.3,0,0.45
1755016078,10,0.1,0.0,3760.875713443267,,,0.3,0,0.45
1755016079,10,0.1,3100.5,3021.5422506670648,0.9745338657207112,safe,0.3,"(0, 1)",0.45
1755016080,10,0.1,2856.0000000000005,2728.508226594113,0.9553600233172662,safe,0.3,"(5, 6)",0.45
1755016081,10,0.1,5639.5,5631.022549642599,0.9984967727001683,safe,0.3,"(0, 1)",0.45
1755016082,10,0.1,2526.3,2405.645458130799,0.9522406120139332,safe,0.3,"(4, 5)",0.45
1755016083,10,0.1,5408.6,5281.544119446901,0.9765085455472582,safe,0.3,"(0, 1)",0.45
1755016084,10,0.1,3719.1,3479.8138216335574,0.9356601924211656,safe,0.3,"(5, 6)",0.45
1755016085,10,0.1,3428.2000000000003,3069.6750857133884,0.8954189037143072,safe,0.3,"(1, 2)",0.45
1755016086,10,0.1,0.0,6693.69891787041,,,0.3,0,0.45
1755016087,10,0.1,3655.000000000002,3544.757059742734,0.9698377728434288,safe,0.5,"(0, 1)",0.45
1755016088,10,0.1,0.0,2921.971819051687,,,0.5,0,0.45
1755016089,10,0.1,0.0,795.3062106463185,,,0.5,0,0.45
1755016090,10,0.1,2650.2,2490.333973190868,0.9396777500531536,safe,0.5,"(0, 1)",0.45
1755016091,10,0.1,2404.5000000000005,2339.976828335697,0.973165659528258,safe,0.5,"(0, 1)",0.45
1755016092,10,0.1,0.0,977.9301501065928,,,0.5,0,0.45
1755016093,10,0.1,0.0,2810.023035914656,,,0.5,0,0.45
1755016094,10,0.1,596.6,570.029314888583,0.9554631493271588,safe,0.5,"(5, 6)",0.45
1755016095,10,0.1,873.1999999999999,812.8117694633329,0.9308426127614898,safe,0.5,"(8, 9)",0.45
1755016096,10,0.1,0.0,903.2548131781004,,,0.5,0,0.45
1755016097,10,0.1,0.0,1022.5459480057953,,,0.7,0,0.45
1755016098,10,0.1,5846.0,5762.729565283197,0.9857559981668144,safe,0.7,"(0, 1)",0.45
1755016099,10,0.1,0.0,591.2373207948502,,,0.7,0,0.45
1755016100,10,0.1,0.0,3110.3538355560413,,,0.7,0,0.45
1755016101,10,0.1,3019.5,2684.195017532255,0.8889534749237473,safe,0.7,"(5, 6)",0.45
1755016102,10,0.1,0.0,930.9108662183862,,,0.7,0,0.45
1755016103,10,0.1,2438.3,2352.0606819181385,0.9646313751048428,safe,0.7,"(6, 7)",0.45
1755016104,10,0.1,0.0,1387.087738256764,,,0.7,0,0.45
1755016105,10,0.1,0.0,3976.208327801898,,,0.7,0,0.45
1755016106,10,0.1,0.0,4260.854508371791,,,0.7,0,0.45
1755016107,10,0.1,0.0,3273.849155187316,,,0.6,0,0.45
1755016108,10,0.1,0.0,4491.183115732623,,,0.6,0,0.45
1755016109,10,0.1,0.0,729.7957895219724,,,0.6,0,0.45
1755016110,10,0.1,4942.6,4516.513568906968,0.9137930580882468,safe,0.6,"(0, 1)",0.45
1755016111,10,0.1,0.0,828.4638014499494,,,0.6,0,0.45
1755016112,10,0.1,5322.6,5154.823924021643,0.9684785488335856,safe,0.6,"(0, 1)",0.45
1755016113,10,0.1,2832.3,2641.3382007846085,0.932577128406104,safe,0.6,"(4, 5)",0.45
1755016114,10,0.1,1207.1999999999998,1043.9673152659088,0.8647840583713626,safe,0.6,"(0, 1)",0.45
1755016115,10,0.1,0.0,466.0385332178482,,,0.6,0,0.45
1755016116,10,0.1,0.0,836.0809423869123,,,0.6,0,0.45
1755016117,10,0.1,430.9,377.064105519712,0.8750617440698817,safe,0.5,"(0, 1)",0.45
1755016118,10,0.1,0.0,902.3743218747296,,,0.5,0,0.45
1755016119,10,0.1,0.0,1049.0522852841195,,,0.5,0,0.45
1755016120,10,0.1,0.0,949.3743387188224,,,0.5,0,0.45
1755016121,10,0.1,2593.5,2419.927774321526,0.933074137004637,safe,0.5,"(7, 8)",0.45
1755016122,10,0.1,2826.5,2670.871834614222,0.944939619534485,safe,0.5,"(4, 5)",0.45
1755016123,10,0.1,1388.1999999999998,1340.9820978787147,0.96598623964754,safe,0.5,"(3, 4)",0.45
1755016124,10,0.1,0.0,5791.302305594785,,,0.5,0,0.45
1755016125,10,0.1,0.0,3638.300415520076,,,0.5,0,0.45
1755016126,10,0.1,3846.6,3831.261272396428,0.9960123933854386,safe,0.5,"(0, 1)",0.45
1755016127,10,0.1,2822.9,2666.9142233073035,0.9447427196525928,safe,0.5,"(2, 3)",0.45
1755016128,10,0.1,0.0,1175.490103867428,,,0.5,0,0.45
1755016129,10,0.1,0.0,876.5534541655998,,,0.5,0,0.45
1755016130,10,0.1,4823.5,4661.125062423007,0.9663366979212205,safe,0.5,"(0, 1)",0.45
1755016131,10,0.1,0.0,4534.003858776046,,,0.5,0,0.45
1755016132,10,0.1,3899.400000000001,3845.734883362336,0.9862375963897873,safe,0.5,"(1, 2)",0.45
1755016133,10,0.1,0.0,1066.7540611433217,,,0.5,0,0.45
1755016134,10,0.1,0.0,2456.135204971373,,,0.5,0,0.45
1755016135,10,0.1,934.2999999999998,892.003303268556,0.954728998467897,safe,0.5,"(8, 9)",0.45
1755016136,10,0.1,269.00000000000006,236.13893130498764,0.8778398933270914,safe,0.5,"(8, 9)",0.45
1755016037,10,0.2,0.0,1009.3912256970776,,,0.6,0,0.63
1755016038,10,0.2,4410.0,4188.362053479228,0.9497419622401878,safe,0.6,"(0, 1)",0.63
1755016039,10,0.2,3205.4,2825.466261841635,0.8814707249771121,safe,0.6,"(6, 7)",0.63
1755016040,10,0.2,0.0,690.4862102699663,,,0.6,0,0.63
1755016041,10,0.2,0.0,5974.389428621766,,,0.6,0,0.63
1755016042,10,0.2,3018.0,2739.187928381464,0.9076169411469398,safe,0.6,"(7, 8)",0.63
1755016043,10,0.2,0.0,972.3004558280954,,,0.6,0,0.63
1755016044,10,0.2,2994.2000000000003,2723.2678932424537,0.9095143588412442,safe,0.6,"(0, 1)",0.63
1755016045,10,0.2,0.0,4362.393904634111,,,0.6,0,0.63
1755016046,10,0.2,0.0,3355.7923001007366,,,0.6,0,0.63
1755016047,10,0.2,3407.8,3190.0269976555137,0.9360957208919284,safe,0.3,"(0, 1)",0.63
1755016048,10,0.2,1162.2,1125.838946503347,0.9687136005019332,safe,0.3,"(7, 8)",0.63
1755016049,10,0.2,2701.6,2494.156625864124,0.9232146231359656,safe,0.3,"(0, 1)",0.63
1755016050,10,0.2,0.0,4694.128732577326,,,0.3,0,0.63
1755016051,10,0.2,2941.4,2630.7010219000995,0.8943703752975113,safe,0.3,"(0, 1)",0.63
1755016052,10,0.2,0.0,1122.085516895284,,,0.3,0,0.63
1755016053,10,0.2,3044.8,2725.432234187145,0.8951104289894721,safe,0.3,"(0, 1)",0.63
1755016054,10,0.2,0.0,4736.499017350208,,,0.3,0,0.63
1755016055,10,0.2,3157.0,2873.78876300729,0.9102910240757968,safe,0.3,"(0, 1)",0.63
1755016056,10,0.2,3040.4,2799.63868400856,0.9208126180793844,safe,0.3,"(1, 2)",0.63
1755016057,10,0.2,0.0,3231.314907707462,,,0.6,0,0.63
1755016058,10,0.2,0.0,4313.502588317206,,,0.6,0,0.63
1755016059,10,0.2,3218.5999999999995,2915.360478298484,0.9057852725714548,safe,0.6,"(0, 1)",0.63
1755016060,10,0.2,0.0,4428.233992041324,,,0.6,0,0.63
1755016061,10,0.2,4489.0,4259.66495804453,0.948911775015489,safe,0.6,"(0, 1)",0.63
1755016062,10,0.2,0.0,674.0112008170545,,,0.6,0,0.63
1755016063,10,0.2,0.0,7245.876850998555,,,0.6,0,0.63
1755016064,10,0.2,4693.0,4354.1390825739945,0.9277943921956092,safe,0.6,"(0, 1)",0.63
1755016065,10,0.2,0.0,2807.636865859,,,0.6,0,0.63
1755016066,10,0.2,2779.8,2646.0303993215784,0.9518779765888116,safe,0.6,"(7, 8)",0.63
1755016067,10,0.2,0.0,2456.433411787714,,,0.6,0,0.63
1755016068,10,0.2,2976.6,2652.980576241269,0.8912788336495562,safe,0.6,"(4, 5)",0.63
1755016069,10,0.2,0.0,6565.905256756628,,,0.6,0,0.63
1755016070,10,0.2,3207.6000000000004,2904.224168988333,0.9054196810663214,safe,0.6,"(3, 4)",0.63
1755016071,10,0.2,0.0,6004.2261420857685,,,0.6,0,0.63
1755016072,10,0.2,2439.8,2282.017359709036,0.9353296826416247,safe,0.6,"(0, 1)",0.63
1755016073,10,0.2,2626.8,2487.5137305994285,0.9469749240899302,safe,0.6,"(1, 2)",0.63
1755016074,10,0.2,0.0,942.3000522927766,,,0.6,0,0.63
1755016075,10,0.2,0.0,3356.76944476799,,,0.6,0,0.63
1755016076,10,0.2,0.0,1035.8762018787838,,,0.6,0,0.63
1755016077,10,0.2,0.0,3273.6062217613617,,,0.8,0,0.63
1755016078,10,0.2,0.0,4812.539839420409,,,0.8,0,0.63
1755016079,10,0.2,0.0,2981.551972120334,,,0.8,0,0.63
1755016080,10,0.2,2992.000000000001,2713.597792277651,0.9069511337826373,safe,0.8,"(0, 1)",0.63
1755016081,10,0.2,0.0,5723.110142021324,,,0.8,0,0.63
1755016082,10,0.2,0.0,2467.056922722684,,,0.8,0,0.63
1755016083,10,0.2,0.0,5378.536200121194,,,0.8,0,0.63
1755016084,10,0.2,3896.2,3468.33700858703,0.8901845409853267,safe,0.8,"(5, 6)",0.63
1755016085,10,0.2,0.0,3277.416330148815,,,0.8,0,0.63
1755016086,10,0.2,0.0,6789.2299678474665,,,0.8,0,0.63
1755016087,10,0.2,3769.000000000001,3630.016124499979,0.9631244692225998,safe,0.5,"(0, 1)",0.63
1755016088,10,0.2,0.0,3029.649410844606,,,0.5,0,0.63
1755016089,10,0.2,0.0,796.9572213406645,,,0.5,0,0.63
1755016090,10,0.2,2776.4,2587.0385077498368,0.9317960336226182,safe,0.5,"(0, 1)",0.63
1755016091,10,0.2,2518.999999999999,2361.177594046362,0.9373471989068534,safe,0.5,"(0, 1)",0.63
1755016092,10,0.2,0.0,988.1079122404044,,,0.5,0,0.63
1755016093,10,0.2,0.0,2909.6394383857696,,,0.5,0,0.63
1755016094,10,0.2,624.2,576.2143546703446,0.9231245669182068,safe,0.5,"(5, 6)",0.63
1755016095,10,0.2,906.4,830.0388714651672,0.9157533886420643,safe,0.5,"(8, 9)",0.63
1755016096,10,0.2,0.0,908.9791066697398,,,0.5,0,0.63
1755016097,10,0.2,0.0,1042.0054070351398,,,0.7,0,0.63
1755016098,10,0.2,5970.0,5794.03512602411,0.9705251467377068,safe,0.7,"(0, 1)",0.63
1755016099,10,0.2,0.0,646.9018284422167,,,0.7,0,0.63
1755016100,10,0.2,0.0,3085.4241471831047,,,0.7,0,0.63
1755016101,10,0.2,3163.0,2874.630286697018,0.9088303151112924,safe,0.7,"(5, 6)",0.63
1755016102,10,0.2,0.0,948.0541597973206,,,0.7,0,0.63
1755016103,10,0.2,2602.6,2386.4600854476203,0.9169523113223778,safe,0.7,"(2, 3)",0.63
1755016104,10,0.2,0.0,1391.0370115201968,,,0.7,0,0.63
1755016105,10,0.2,0.0,5063.580437338329,,,0.7,0,0.63
1755016106,10,0.2,0.0,4360.374724608264,,,0.7,0,0.63
1755016107,10,0.2,0.0,3377.329086120415,,,0.9,0,0.63
1755016108,10,0.2,0.0,4591.499942851995,,,0.9,0,0.63
1755016109,10,0.2,0.0,939.314455103774,,,0.9,0,0.63
1755016110,10,0.2,0.0,4544.846968415211,,,0.9,0,0.63
1755016111,10,0.2,0.0,1015.1526856888456,,,0.9,0,0.63
1755016112,10,0.2,0.0,6144.006795472928,,,0.9,0,0.63
1755016113,10,0.2,2963.6000000000004,2737.590057514993,0.9237380407325528,safe,0.9,"(4, 5)",0.63
1755016114,10,0.2,0.0,1150.267646314118,,,0.9,0,0.63
1755016115,10,0.2,0.0,475.7981713993941,,,0.9,0,0.63
1755016116,10,0.2,0.0,853.7513739693923,,,0.9,0,0.63
1755016117,10,0.2,450.8,388.8078017674097,0.8624840323145735,safe,0.6,"(0, 1)",0.63
1755016118,10,0.2,0.0,960.2107628065278,,,0.6,0,0.63
1755016119,10,0.2,0.0,1068.7706425180054,,,0.6,0,0.63
1755016120,10,0.2,0.0,1084.0070101201345,,,0.6,0,0.63
1755016121,10,0.2,2717.0,2509.4968331851323,0.9236278370206596,safe,0.6,"(7, 8)",0.63
1755016122,10,0.2,2957.0,2677.367262487881,0.9054336362826788,safe,0.6,"(4, 5)",0.63
1755016123,10,0.2,0.0,1345.8067241750678,,,0.6,0,0.63
1755016124,10,0.2,0.0,6873.563777084695,,,0.6,0,0.63
1755016125,10,0.2,0.0,4439.883794337919,,,0.6,0,0.63
1755016126,10,0.2,3947.2,3917.19308119571,0.9923979228809562,safe,0.6,"(0, 1)",0.63
1755016127,10,0.2,2967.8,2667.261079297172,0.8987334319351614,safe,0.7,"(0, 1)",0.63
1755016128,10,0.2,0.0,1194.5977269366604,,,0.7,0,0.63
1755016129,10,0.2,0.0,877.2914122744041,,,0.7,0,0.63
1755016130,10,0.2,0.0,4660.515245642751,,,0.7,0,0.63
1755016131,10,0.2,0.0,4660.028261259947,,,0.7,0,0.63
1755016132,10,0.2,4005.7999999999993,3925.3951344811976,0.979927888182435,safe,0.7,"(1, 2)",0.63
1755016133,10,0.2,0.0,1077.2930566080613,,,0.7,0,0.63
1755016134,10,0.2,0.0,2550.3574540954705,,,0.7,0,0.63
1755016135,10,0.2,962.6,892.0719492121564,0.9267317153668776,safe,0.7,"(8, 9)",0.63
1755016136,10,0.2,0.0,256.3257551727256,,,0.7,0,0.63
1755016037,10,0.3,0.0,1062.6206084863225,,,0.7,0,0.73
1755016038,10,0.3,4546.0,4226.564857188896,0.9297327006574784,safe,0.7,"(0, 1)",0.73
1755016039,10,0.3,3351.1000000000004,2946.6546850451537,0.8793096848930659,safe,0.7,"(6, 7)",0.73
1755016040,10,0.3,0.0,691.7706501664161,,,0.7,0,0.73
1755016041,10,0.3,0.0,6059.1698025682,,,0.7,0,0.73
1755016042,10,0.3,0.0,2814.525886475516,,,0.7,0,0.73
1755016043,10,0.3,0.0,978.1492350742628,,,0.7,0,0.73
1755016044,10,0.3,3130.3,2752.5897676928244,0.8793373694830606,safe,0.7,"(0, 1)",0.73
1755016045,10,0.3,0.0,4455.9743376798,,,0.7,0,0.73
1755016046,10,0.3,0.0,3533.655742702438,,,0.7,0,0.73
1755016047,10,0.3,3562.7,3213.4195564455586,0.9019618706165432,safe,0.4,"(8, 9)",0.73
1755016048,10,0.3,1186.8,1146.1793390610292,0.9657729516860712,safe,0.4,"(0, 1)",0.73
1755016049,10,0.3,2824.4,2562.787118590253,0.9073739975181464,safe,0.4,"(4, 5)",0.73
1755016050,10,0.3,0.0,4771.389127120113,,,0.4,0,0.73
1755016051,10,0.3,3075.1,2828.59094267722,0.9198370598280446,safe,0.4,"(6, 7)",0.73
1755016052,10,0.3,0.0,1143.7393080114853,,,0.4,0,0.73
1755016053,10,0.3,3183.2,2921.191106148064,0.9176900936630008,safe,0.4,"(0, 1)",0.73
1755016054,10,0.3,0.0,4912.771186324824,,,0.4,0,0.73
1755016055,10,0.3,3300.5,3044.6705035127425,0.9224876544501568,safe,0.4,"(0, 1)",0.73
1755016056,10,0.3,0.0,2875.7214871493,,,0.4,0,0.73
1755016057,10,0.3,0.0,3422.580843848047,,,0.7,0,0.73
1755016058,10,0.3,0.0,4683.575760789534,,,0.7,0,0.73
1755016059,10,0.3,0.0,3117.106389845605,,,0.7,0,0.73
1755016060,10,0.3,0.0,4516.880714382853,,,0.7,0,0.73
1755016061,10,0.3,4629.0,4367.072128491294,0.9434158843143864,safe,0.7,"(0, 1)",0.73
1755016062,10,0.3,0.0,686.6710994272289,,,0.7,0,0.73
1755016063,10,0.3,0.0,7255.810803241566,,,0.7,0,0.73
1755016064,10,0.3,4826.5,4520.265455686731,0.93655142560587,safe,0.7,"(0, 1)",0.73
1755016065,10,0.3,0.0,2911.0756373445583,,,0.7,0,0.73
1755016066,10,0.3,2902.7000000000003,2748.3040461774217,0.9468095380774524,safe,0.7,"(7, 8)",0.73
1755016067,10,0.3,0.0,2561.2168688685383,,,0.7,0,0.73
1755016068,10,0.3,0.0,2766.12894291357,,,0.7,0,0.73
1755016069,10,0.3,0.0,6723.219879469772,,,0.7,0,0.73
1755016070,10,0.3,3353.4,2996.409484232439,0.8935437121227527,safe,0.7,"(3, 4)",0.73
1755016071,10,0.3,0.0,7082.269849529839,,,0.7,0,0.73
1755016072,10,0.3,2550.7000000000003,2384.838527114014,0.9349741353800972,safe,0.7,"(0, 1)",0.73
1755016073,10,0.3,2746.2,2585.061716041324,0.941323179681496,safe,0.7,"(4, 5)",0.73
1755016074,10,0.3,0.0,1072.0345448008393,,,0.7,0,0.73
1755016075,10,0.3,0.0,3345.389624726103,,,0.7,0,0.73
1755016076,10,0.3,0.0,1036.7121140415063,,,0.7,0,0.73
1755016077,10,0.3,0.0,3331.118816512446,,,0.8,0,0.73
1755016078,10,0.3,0.0,4924.115172735968,,,0.8,0,0.73
1755016079,10,0.3,0.0,3126.8203191946927,,,0.8,0,0.73
1755016080,10,0.3,3127.999999999998,2850.3823999727683,0.9112475703237756,safe,0.8,"(4, 5)",0.73
1755016081,10,0.3,0.0,5812.773944944725,,,0.8,0,0.73
1755016082,10,0.3,0.0,2570.804746900129,,,0.8,0,0.73
1755016083,10,0.3,0.0,6460.047650118702,,,0.8,0,0.73
1755016084,10,0.3,4073.3,3611.379544061055,0.8865979780671828,safe,0.8,"(5, 6)",0.73
1755016085,10,0.3,0.0,3289.7080151354894,,,0.8,0,0.73
1755016086,10,0.3,0.0,6887.552603241755,,,0.8,0,0.73
1755016087,10,0.3,0.0,4539.011585211105,,,0.7,0,0.73
1755016088,10,0.3,0.0,3105.809993486251,,,0.7,0,0.73
1755016089,10,0.3,0.0,798.7483794717773,,,0.7,0,0.73
1755016090,10,0.3,2902.6000000000004,2599.81655509667,0.8956854389501377,safe,0.7,"(0, 1)",0.73
1755016091,10,0.3,2633.5000000000005,2502.284477500525,0.950174474084118,safe,0.7,"(7, 8)",0.73
1755016092,10,0.3,0.0,997.2288643900828,,,0.7,0,0.73
1755016093,10,0.3,0.0,3002.91702269543,,,0.7,0,0.73
1755016094,10,0.3,657.8,592.3717043238285,0.9005346675643485,safe,0.7,"(0, 1)",0.73
1755016095,10,0.3,0.0,850.1364998950376,,,0.7,0,0.73
1755016096,10,0.3,0.0,913.3110438184522,,,0.7,0,0.73
1755016097,10,0.3,0.0,1060.0728069056677,,,0.8,0,0.73
1755016098,10,0.3,0.0,6184.0458974714975,,,0.8,0,0.73
1755016099,10,0.3,0.0,663.1305399507922,,,0.8,0,0.73
1755016100,10,0.3,0.0,3195.1857583133315,,,0.8,0,0.73
1755016101,10,0.3,3312.0,2959.4183216287865,0.8935441792357447,safe,0.8,"(0, 1)",0.73
1755016102,10,0.3,0.0,964.0928108117076,,,0.8,0,0.73
1755016103,10,0.3,2720.9,2550.9740049583124,0.9375478720123168,safe,0.8,"(2, 3)",0.73
1755016104,10,0.3,0.0,1389.1401024838494,,,0.8,0,0.73
1755016105,10,0.3,0.0,5161.9683636908885,,,0.8,0,0.73
1755016106,10,0.3,0.0,4466.802490050439,,,0.8,0,0.73
1755016107,10,0.3,0.0,3457.014868735365,,,0.9,0,0.73
1755016108,10,0.3,0.0,4672.090905878991,,,0.9,0,0.73
1755016109,10,0.3,0.0,944.1508211490982,,,0.9,0,0.73
1755016110,10,0.3,0.0,4776.121704941907,,,0.9,0,0.73
1755016111,10,0.3,0.0,1043.7773845369918,,,0.9,0,0.73
1755016112,10,0.3,0.0,6347.187293118406,,,0.9,0,0.73
1755016113,10,0.3,3094.9,2843.1655321245926,0.9186615180214524,safe,0.9,"(4, 5)",0.73
1755016114,10,0.3,0.0,1165.9113020655022,,,0.9,0,0.73
1755016115,10,0.3,0.0,552.8306029651503,,,0.9,0,0.73
1755016116,10,0.3,0.0,856.5926797119582,,,0.9,0,0.73
1755016117,10,0.3,0.0,388.8477267562808,,,0.9,0,0.73
1755016118,10,0.3,0.0,1050.911827084703,,,0.9,0,0.73
1755016119,10,0.3,0.0,1085.8553679161248,,,0.9,0,0.73
1755016120,10,0.3,0.0,1095.6210566658556,,,0.9,0,0.73
1755016121,10,0.3,0.0,2601.133234281688,,,0.9,0,0.73
1755016122,10,0.3,3116.5,2905.421807074854,0.9322707547167828,safe,0.9,"(0, 1)",0.73
1755016123,10,0.3,0.0,1397.2737570258664,,,0.9,0,0.73
1755016124,10,0.3,0.0,6956.9458148923,,,0.9,0,0.73
1755016125,10,0.3,0.0,4668.603016095389,,,0.9,0,0.73
1755016126,10,0.3,0.0,3983.051680903965,,,0.9,0,0.73
1755016127,10,0.3,3102.7000000000003,2855.9209169457827,0.9204631182343708,safe,0.7,"(0, 1)",0.73
1755016128,10,0.3,0.0,1209.1203722404782,,,0.7,0,0.73
1755016129,10,0.3,0.0,978.7481127129612,,,0.7,0,0.73
1755016130,10,0.3,0.0,4816.118464333467,,,0.7,0,0.73
1755016131,10,0.3,0.0,4740.815596237174,,,0.7,0,0.73
1755016132,10,0.3,4112.200000000001,3988.6488476638942,0.969954974870846,safe,0.7,"(1, 2)",0.73
1755016133,10,0.3,0.0,1081.9573967628749,,,0.7,0,0.73
1755016134,10,0.3,0.0,2596.4848804707885,,,0.7,0,0.73
1755016135,10,0.3,990.9,926.0798924192028,0.9345846123919695,safe,0.7,"(8, 9)",0.73
1755016136,10,0.3,0.0,257.7782849278956,,,0.7,0,0.73
1755016037,10,0.4,0.0,1072.2714899646962,,,0.8,0,0.85
1755016038,10,0.4,4682.0,4335.338023982239,0.9259585698381544,safe,0.8,"(8, 9)",0.85
1755016039,10,0.4,3496.8,3024.273228287744,0.8648688024158501,safe,0.8,"(6, 7)",0.85
1755016040,10,0.4,0.0,696.5562086051959,,,0.8,0,0.85
1755016041,10,0.4,0.0,6158.444851470415,,,0.8,0,0.85
1755016042,10,0.4,0.0,2849.9535934409296,,,0.8,0,0.85
1755016043,10,0.4,0.0,1028.2524374832792,,,0.8,0,0.85
1755016044,10,0.4,0.0,2910.394602604153,,,0.8,0,0.85
1755016045,10,0.4,0.0,5439.402229261643,,,0.8,0,0.85
1755016046,10,0.4,0.0,3608.035865833896,,,0.8,0,0.85
1755016047,10,0.4,3717.6,3352.2959134368903,0.901736580976138,safe,0.6,"(0, 1)",0.85
1755016048,10,0.4,1211.4,1164.8925160766776,0.9616084828105312,safe,0.6,"(0, 1)",0.85
1755016049,10,0.4,2947.2,2712.8855721534987,0.9204959188903022,safe,0.6,"(0, 1)",0.85
1755016050,10,0.4,0.0,4804.64574665229,,,0.6,0,0.85
1755016051,10,0.4,0.0,2823.1630698734148,,,0.6,0,0.85
1755016052,10,0.4,0.0,1168.79145422882,,,0.6,0,0.85
1755016053,10,0.4,0.0,3115.135963248322,,,0.6,0,0.85
1755016054,10,0.4,0.0,4836.723829239802,,,0.6,0,0.85
1755016055,10,0.4,3444.0,3111.0163142598344,0.9033148415388602,safe,0.6,"(2, 3)",0.85
1755016056,10,0.4,0.0,3012.3304768843363,,,0.6,0,0.85
1755016057,10,0.4,0.0,3332.671904967364,,,0.9,0,0.85
1755016058,10,0.4,0.0,5345.053753906039,,,0.9,0,0.85
1755016059,10,0.4,0.0,3175.7937338111224,,,0.9,0,0.85
1755016060,10,0.4,0.0,4617.023427696528,,,0.9,0,0.85
1755016061,10,0.4,0.0,4462.950471825545,,,0.9,0,0.85
1755016062,10,0.4,0.0,746.5948535267089,,,0.9,0,0.85
1755016063,10,0.4,0.0,7490.844990704943,,,0.9,0,0.85
1755016064,10,0.4,0.0,4568.394536964298,,,0.9,0,0.85
1755016065,10,0.4,0.0,3124.735636479323,,,0.9,0,0.85
1755016066,10,0.4,3025.6000000000004,2851.173696830636,0.942349846916524,safe,0.9,"(7, 8)",0.85
1755016067,10,0.4,0.0,2635.492910133052,,,0.8,0,0.85
1755016068,10,0.4,0.0,2849.0283641756823,,,0.8,0,0.85
1755016069,10,0.4,0.0,6687.600695185461,,,0.8,0,0.85
1755016070,10,0.4,0.0,3055.785019753963,,,0.8,0,0.85
1755016071,10,0.4,0.0,7104.856789921003,,,0.8,0,0.85
1755016072,10,0.4,2661.5999999999995,2433.025136543509,0.9141212565913396,safe,0.8,"(4, 5)",0.85
1755016073,10,0.4,2865.5999999999995,2684.164977337001,0.9366851540120747,safe,0.8,"(1, 2)",0.85
1755016074,10,0.4,0.0,1141.8159019096856,,,0.8,0,0.85
1755016075,10,0.4,0.0,3430.402907690467,,,0.8,0,0.85
1755016076,10,0.4,0.0,1064.4043576160202,,,0.8,0,0.85
1755016077,10,0.4,0.0,3392.123104747416,,,0.9,0,0.85
1755016078,10,0.4,0.0,4977.383426536573,,,0.9,0,0.85
1755016079,10,0.4,0.0,3203.4727000643984,,,0.9,0,0.85
1755016080,10,0.4,3263.999999999999,2917.35176101443,0.893796495408833,safe,0.9,"(1, 2)",0.85
1755016081,10,0.4,0.0,6884.886171071732,,,0.9,0,0.85
1755016082,10,0.4,0.0,2667.296878945667,,,0.9,0,0.85
1755016083,10,0.4,0.0,6422.108837822862,,,0.9,0,0.85
1755016084,10,0.4,0.0,3714.674108760697,,,0.9,0,0.85
1755016085,10,0.4,0.0,3591.502115914831,,,0.9,0,0.85
1755016086,10,0.4,0.0,7490.542626300361,,,0.9,0,0.85
1755016087,10,0.4,0.0,4599.1377723421465,,,0.8,0,0.85
1755016088,10,0.4,0.0,3308.185575792275,,,0.8,0,0.85
1755016089,10,0.4,0.0,800.97676917028,,,0.8,0,0.85
1755016090,10,0.4,3028.8,2761.954130809017,0.9118971641603992,safe,0.8,"(0, 1)",0.85
1755016091,10,0.4,2747.999999999999,2499.2730101638817,0.9094879949650228,safe,0.8,"(0, 1)",0.85
1755016092,10,0.4,0.0,1095.7135795386712,,,0.8,0,0.85
1755016093,10,0.4,0.0,2940.97148157437,,,0.8,0,0.85
1755016094,10,0.4,0.0,612.4345391314419,,,0.8,0,0.85
1755016095,10,0.4,0.0,868.207541152311,,,0.8,0,0.85
1755016096,10,0.4,0.0,916.74234180004,,,0.8,0,0.85
1755016097,10,0.4,0.0,1078.1777000545007,,,0.9,0,0.85
1755016098,10,0.4,0.0,6621.757952693361,,,0.9,0,0.85
1755016099,10,0.4,0.0,683.9150280691556,,,0.9,0,0.85
1755016100,10,0.4,0.0,3245.2628538039207,,,0.9,0,0.85
1755016101,10,0.4,0.0,3143.8362026228165,,,0.9,0,0.85
1755016102,10,0.4,0.0,988.9407292757533,,,0.9,0,0.85
1755016103,10,0.4,2839.2,2607.50668761259,0.9183948603876412,safe,0.9,"(0, 1)",0.85
1755016104,10,0.4,0.0,1422.6672472270554,,,0.9,0,0.85
1755016105,10,0.4,0.0,5236.971219818533,,,0.9,0,0.85
1755016106,10,0.4,0.0,4565.160748544964,,,0.9,0,0.85
1755016107,10,0.4,0.0,3563.674549872987,,,0.9,0,0.85
1755016108,10,0.4,0.0,4791.944932168233,,,0.9,0,0.85
1755016109,10,0.4,0.0,968.8497926550348,,,0.9,0,0.85
1755016110,10,0.4,0.0,4968.73481786361,,,0.9,0,0.85
1755016111,10,0.4,0.0,1065.2436435391785,,,0.9,0,0.85
1755016112,10,0.4,0.0,6360.650379147957,,,0.9,0,0.85
1755016113,10,0.4,3226.2,2935.959149571376,0.91003631193707,safe,0.9,"(4, 5)",0.85
1755016114,10,0.4,0.0,1248.3042629226838,,,0.9,0,0.85
1755016115,10,0.4,0.0,570.7820796843571,,,0.9,0,0.85
1755016116,10,0.4,0.0,859.5015652954417,,,0.9,0,0.85
1755016117,10,0.4,0.0,411.9036358568848,,,1.0,0,0.85
1755016118,10,0.4,0.0,1046.4281745243495,,,1.0,0,0.85
1755016119,10,0.4,0.0,1106.7674414515886,,,1.0,0,0.85
1755016120,10,0.4,0.0,1121.7088427669078,,,1.0,0,0.85
1755016121,10,0.4,0.0,2722.4368922052245,,,1.0,0,0.85
1755016122,10,0.4,0.0,2842.773772896945,,,1.0,0,0.85
1755016123,10,0.4,0.0,1394.6138387706671,,,1.0,0,0.85
1755016124,10,0.4,0.0,7045.28162419633,,,1.0,0,0.85
1755016125,10,0.4,0.0,4873.925198745281,,,1.0,0,0.85
1755016126,10,0.4,0.0,4040.152137778789,,,1.0,0,0.85
1755016127,10,0.4,3237.6000000000004,2906.4009315506737,0.8977022892113521,safe,0.9,"(0, 1)",0.85
1755016128,10,0.4,0.0,1219.2591659769787,,,0.9,0,0.85
1755016129,10,0.4,0.0,1022.9055221232702,,,0.9,0,0.85
1755016130,10,0.4,0.0,4851.163357906622,,,0.9,0,0.85
1755016131,10,0.4,0.0,4751.089968073043,,,0.9,0,0.85
1755016132,10,0.4,0.0,4085.032524147469,,,0.9,0,0.85
1755016133,10,0.4,0.0,1084.7441626036598,,,0.9,0,0.85
1755016134,10,0.4,0.0,2915.556196498899,,,0.9,0,0.85
1755016135,10,0.4,0.0,937.792567174114,,,0.9,0,0.85
1755016136,10,0.4,0.0,262.56326456665914,,,0.9,0,0.85
1755016037,10,0.5,0.0,1073.593815339571,,,1.0,0,0.91
1755016038,10,0.5,0.0,5238.902177060366,,,1.0,0,0.91
1755016039,10,0.5,0.0,3086.0145965724696,,,1.0,0,0.91
1755016040,10,0.5,0.0,737.3951585357299,,,1.0,0,0.91
1755016041,10,0.5,0.0,6871.93224610512,,,1.0,0,0.91
1755016042,10,0.5,0.0,3112.293640587558,,,1.0,0,0.91
1755016043,10,0.5,0.0,1024.5230968100586,,,1.0,0,0.91
1755016044,10,0.5,0.0,2988.825498093792,,,1.0,0,0.91
1755016045,10,0.5,0.0,5577.802229717898,,,1.0,0,0.91
1755016046,10,0.5,0.0,3714.632851966802,,,1.0,0,0.91
1755016047,10,0.5,0.0,3396.092359476297,,,0.8,0,0.91
1755016048,10,0.5,0.0,1237.5524973874726,,,0.8,0,0.91
1755016049,10,0.5,3070.0,2856.5082036150525,0.9304586982459454,safe,0.8,"(0, 1)",0.91
1755016050,10,0.5,0.0,4952.163003240185,,,0.8,0,0.91
1755016051,10,0.5,0.0,3054.7984650280696,,,0.8,0,0.91
1755016052,10,0.5,0.0,1186.7081163226685,,,0.8,0,0.91
1755016053,10,0.5,0.0,3171.249061577255,,,0.8,0,0.91
1755016054,10,0.5,0.0,4893.583662802787,,,0.8,0,0.91
1755016055,10,0.5,3587.5,3153.980778375101,0.8791584051219794,safe,0.8,"(2, 3)",0.91
1755016056,10,0.5,0.0,3086.0762497057667,,,0.8,0,0.91
1755016057,10,0.5,0.0,3474.341830306357,,,1.0,0,0.91
1755016058,10,0.5,0.0,5353.807449539056,,,1.0,0,0.91
1755016059,10,0.5,0.0,3273.0312437550165,,,1.0,0,0.91
1755016060,10,0.5,0.0,4705.938006348722,,,1.0,0,0.91
1755016061,10,0.5,0.0,5143.185645173537,,,1.0,0,0.91
1755016062,10,0.5,0.0,789.0173353458376,,,1.0,0,0.91
1755016063,10,0.5,0.0,7517.679272614158,,,1.0,0,0.91
1755016064,10,0.5,0.0,4761.544122130435,,,1.0,0,0.91
1755016065,10,0.5,0.0,3162.658974344973,,,1.0,0,0.91
1755016066,10,0.5,0.0,2953.557424898056,,,1.0,0,0.91
1755016067,10,0.5,0.0,2724.969408638365,,,0.8,0,0.91
1755016068,10,0.5,0.0,2955.700314798156,,,0.8,0,0.91
1755016069,10,0.5,0.0,6684.1786841531775,,,0.8,0,0.91
1755016070,10,0.5,0.0,3194.08593518164,,,0.8,0,0.91
1755016071,10,0.5,0.0,7249.870179304387,,,0.8,0,0.91
1755016072,10,0.5,2772.5,2519.508640500746,0.9087497350769148,safe,0.8,"(0, 1)",0.91
1755016073,10,0.5,2985.0,2792.004750682041,0.9353449751028612,safe,0.8,"(0, 1)",0.91
1755016074,10,0.5,0.0,1171.4347971172072,,,0.8,0,0.91
1755016075,10,0.5,0.0,3586.4307629872847,,,0.8,0,0.91
1755016076,10,0.5,0.0,1059.2560145565274,,,0.8,0,0.91
1755016077,10,0.5,0.0,3449.288337399649,,,0.9,0,0.91
1755016078,10,0.5,0.0,5110.708647030173,,,0.9,0,0.91
1755016079,10,0.5,0.0,3230.6818652226943,,,0.9,0,0.91
1755016080,10,0.5,3400.0,2987.5841372697223,0.878701216844036,safe,0.9,"(1, 2)",0.91
1755016081,10,0.5,0.0,6969.760090391734,,,0.9,0,0.91
1755016082,10,0.5,0.0,2763.4521116235223,,,0.9,0,0.91
1755016083,10,0.5,0.0,6513.44931037382,,,0.9,0,0.91
1755016084,10,0.5,0.0,3910.758384840855,,,0.9,0,0.91
1755016085,10,0.5,0.0,3597.301793435123,,,0.9,0,0.91
1755016086,10,0.5,0.0,7974.297107665101,,,0.9,0,0.91
1755016087,10,0.5,0.0,4828.482618469994,,,0.8,0,0.91
1755016088,10,0.5,0.0,3300.063949096946,,,0.8,0,0.91
1755016089,10,0.5,0.0,839.9732123744907,,,0.8,0,0.91
1755016090,10,0.5,3155.0,2877.393110090809,0.9120104944820312,safe,0.8,"(0, 1)",0.91
1755016091,10,0.5,2862.5,2640.5253292388,0.922454263489537,safe,0.8,"(0, 1)",0.91
1755016092,10,0.5,0.0,1289.548784745828,,,0.8,0,0.91
1755016093,10,0.5,0.0,3114.607204371001,,,0.8,0,0.91
1755016094,10,0.5,0.0,636.9787891655433,,,0.8,0,0.91
1755016095,10,0.5,0.0,886.7063418033067,,,0.8,0,0.91
1755016096,10,0.5,0.0,918.9514888935556,,,0.8,0,0.91
1755016097,10,0.5,0.0,1166.7284856322676,,,0.9,0,0.91
1755016098,10,0.5,0.0,6843.882869479627,,,0.9,0,0.91
1755016099,10,0.5,0.0,699.6813703813151,,,0.9,0,0.91
1755016100,10,0.5,0.0,3438.9990001167607,,,0.9,0,0.91
1755016101,10,0.5,0.0,3068.793544967503,,,0.9,0,0.91
1755016102,10,0.5,0.0,1000.0733295678074,,,0.9,0,0.91
1755016103,10,0.5,2957.5,2729.058172797309,0.9227584692467656,safe,0.9,"(0, 1)",0.91
1755016104,10,0.5,0.0,1496.143813300831,,,0.9,0,0.91
1755016105,10,0.5,0.0,5358.848752740916,,,0.9,0,0.91
1755016106,10,0.5,0.0,4621.313247249695,,,0.9,0,0.91
1755016107,10,0.5,0.0,3662.646281998357,,,0.9,0,0.91
1755016108,10,0.5,0.0,5154.808575052375,,,0.9,0,0.91
1755016109,10,0.5,0.0,991.362294016425,,,0.9,0,0.91
1755016110,10,0.5,0.0,5575.0117507889445,,,0.9,0,0.91
1755016111,10,0.5,0.0,1045.282994924286,,,0.9,0,0.91
1755016112,10,0.5,0.0,6464.24739529075,,,0.9,0,0.91
1755016113,10,0.5,3407.5,3032.2275452049507,0.889868685313265,safe,0.9,"(8, 9)",0.91
1755016114,10,0.5,0.0,1219.296623808099,,,0.9,0,0.91
1755016115,10,0.5,0.0,595.5912675650361,,,0.9,0,0.91
1755016116,10,0.5,0.0,957.195441234482,,,0.9,0,0.91
1755016117,10,0.5,0.0,411.7873283928757,,,1.0,0,0.91
1755016118,10,0.5,0.0,1086.092761344969,,,1.0,0,0.91
1755016119,10,0.5,0.0,1124.9935192005833,,,1.0,0,0.91
1755016120,10,0.5,0.0,1134.19180975559,,,1.0,0,0.91
1755016121,10,0.5,0.0,2723.571219025138,,,1.0,0,0.91
1755016122,10,0.5,0.0,2969.7669607888724,,,1.0,0,0.91
1755016123,10,0.5,0.0,1414.854412372889,,,1.0,0,0.91
1755016124,10,0.5,0.0,7165.576327026269,,,1.0,0,0.91
1755016125,10,0.5,0.0,4929.28136797854,,,1.0,0,0.91
1755016126,10,0.5,0.0,4183.076440299852,,,1.0,0,0.91
1755016127,10,0.5,0.0,3064.0018091513666,,,1.0,0,0.91
1755016128,10,0.5,0.0,1253.0899094803162,,,1.0,0,0.91
1755016129,10,0.5,0.0,1010.703548817126,,,1.0,0,0.91
1755016130,10,0.5,0.0,4958.41342764698,,,1.0,0,0.91
1755016131,10,0.5,0.0,4869.164789238421,,,1.0,0,0.91
1755016132,10,0.5,0.0,4204.104301886335,,,1.0,0,0.91
1755016133,10,0.5,0.0,1127.3956206915318,,,1.0,0,0.91
1755016134,10,0.5,0.0,2799.154776996331,,,1.0,0,0.91
1755016135,10,0.5,0.0,939.9637699088172,,,1.0,0,0.91
1755016136,10,0.5,0.0,263.0742847306137,,,1.0,0,0.91
